{"name": "Experiment for prediction performance assessment on benchmark", "description": "", "email": "yasmmin.c.martins@gmail.com", "owner": "Yasmmin", "datasets": [{"prefix": "Tatham-Hay-2011_", "folder": "/home/yasminn/Documentos/phd/predppi_newpaper/string_comparison_functional/datasets_genemania/Tatham-Hay-2011/", "description": "Tatham-Hay-2011"}, {"prefix": "IREF-BIND_", "folder": "/home/yasminn/Documentos/phd/predppi_newpaper/string_comparison_functional/datasets_genemania/IREF-BIND/", "description": "IREF-BIND"}, {"prefix": "Jin-Pawson-2004_", "folder": "/home/yasminn/Documentos/phd/predppi_newpaper/string_comparison_functional/datasets_genemania/Jin-Pawson-2004/", "description": "Jin-Pawson-2004"}]}