{"name": "Experiment for prediction performance assessment on benchmark", "description": "", "email": "yasmmin.c.martins@gmail.com", "owner": "Yasmmin", "datasets": [{"prefix": "Roux-Burke-2012_", "folder": "/home/yasminn/Documentos/phd/predppi_newpaper/string_comparison_functional/datasets_genemania/Roux-Burke-2012/", "description": "Roux-Burke-2012"}, {"prefix": "Campos-Reinberg-2015_", "folder": "/home/yasminn/Documentos/phd/predppi_newpaper/string_comparison_functional/datasets_genemania/Campos-Reinberg-2015/", "description": "Campos-Reinberg-2015"}, {"prefix": "Thompson-Luchansky-2014_", "folder": "/home/yasminn/Documentos/phd/predppi_newpaper/string_comparison_functional/datasets_genemania/Thompson-Luchansky-2014/", "description": "Thompson-Luchansky-2014"}, {"prefix": "Wang-He-2008_", "folder": "/home/yasminn/Documentos/phd/predppi_newpaper/string_comparison_functional/datasets_genemania/Wang-He-2008/", "description": "Wang-He-2008"}, {"prefix": "Suter-Wanker-2013_", "folder": "/home/yasminn/Documentos/phd/predppi_newpaper/string_comparison_functional/datasets_genemania/Suter-Wanker-2013/", "description": "Suter-Wanker-2013"}, {"prefix": "Kaltenbach-Hughes-2007_", "folder": "/home/yasminn/Documentos/phd/predppi_newpaper/string_comparison_functional/datasets_genemania/Kaltenbach-Hughes-2007/", "description": "Kaltenbach-Hughes-2007"}, {"prefix": "Nakayasu-Adkins-2013_", "folder": "/home/yasminn/Documentos/phd/predppi_newpaper/string_comparison_functional/datasets_genemania/Nakayasu-Adkins-2013/", "description": "Nakayasu-Adkins-2013"}, {"prefix": "Papp-Lamia-2015_", "folder": "/home/yasminn/Documentos/phd/predppi_newpaper/string_comparison_functional/datasets_genemania/Papp-Lamia-2015/", "description": "Papp-Lamia-2015"}, {"prefix": "Lee-Songyang-2011_", "folder": "/home/yasminn/Documentos/phd/predppi_newpaper/string_comparison_functional/datasets_genemania/Lee-Songyang-2011/", "description": "Lee-Songyang-2011"}, {"prefix": "Wu-Li-2007_", "folder": "/home/yasminn/Documentos/phd/predppi_newpaper/string_comparison_functional/datasets_genemania/Wu-Li-2007/", "description": "Wu-Li-2007"}]}