{"name": "Experiment for prediction performance assessment on benchmark", "description": "", "email": "yasmmin.c.martins@gmail.com", "owner": "Yasmmin", "datasets": [{"prefix": "Olah-Ovadi-2011_", "folder": "/home/yasminn/Documentos/phd/predppi_newpaper/string_comparison_functional/datasets_genemania/Olah-Ovadi-2011/", "description": "Olah-Ovadi-2011"}, {"prefix": "Sato-Conaway-2004_", "folder": "/home/yasminn/Documentos/phd/predppi_newpaper/string_comparison_functional/datasets_genemania/Sato-Conaway-2004/", "description": "Sato-Conaway-2004"}, {"prefix": "Scholz-Taylor-2016_", "folder": "/home/yasminn/Documentos/phd/predppi_newpaper/string_comparison_functional/datasets_genemania/Scholz-Taylor-2016/", "description": "Scholz-Taylor-2016"}, {"prefix": "Bett-Hay-2013_", "folder": "/home/yasminn/Documentos/phd/predppi_newpaper/string_comparison_functional/datasets_genemania/Bett-Hay-2013/", "description": "Bett-Hay-2013"}, {"prefix": "Coyaud-Raught-2015_", "folder": "/home/yasminn/Documentos/phd/predppi_newpaper/string_comparison_functional/datasets_genemania/Coyaud-Raught-2015/", "description": "Coyaud-Raught-2015"}, {"prefix": "Teixeira-Gomes-2010_", "folder": "/home/yasminn/Documentos/phd/predppi_newpaper/string_comparison_functional/datasets_genemania/Teixeira-Gomes-2010/", "description": "Teixeira-Gomes-2010"}, {"prefix": "Cai-Conaway-2007_", "folder": "/home/yasminn/Documentos/phd/predppi_newpaper/string_comparison_functional/datasets_genemania/Cai-Conaway-2007/", "description": "Cai-Conaway-2007"}, {"prefix": "Zhang-Zou-2011_", "folder": "/home/yasminn/Documentos/phd/predppi_newpaper/string_comparison_functional/datasets_genemania/Zhang-Zou-2011/", "description": "Zhang-Zou-2011"}, {"prefix": "Christianson-Kopito-2011_", "folder": "/home/yasminn/Documentos/phd/predppi_newpaper/string_comparison_functional/datasets_genemania/Christianson-Kopito-2011/", "description": "Christianson-Kopito-2011"}, {"prefix": "Cao-Chinnaiyan-2014_", "folder": "/home/yasminn/Documentos/phd/predppi_newpaper/string_comparison_functional/datasets_genemania/Cao-Chinnaiyan-2014/", "description": "Cao-Chinnaiyan-2014"}, {"prefix": "Dyer-Sobral-2010_", "folder": "/home/yasminn/Documentos/phd/predppi_newpaper/string_comparison_functional/datasets_genemania/Dyer-Sobral-2010/", "description": "Dyer-Sobral-2010"}, {"prefix": "Gao-Reinberg-2012_", "folder": "/home/yasminn/Documentos/phd/predppi_newpaper/string_comparison_functional/datasets_genemania/Gao-Reinberg-2012/", "description": "Gao-Reinberg-2012"}, {"prefix": "Hauri-Gstaiger-2013_", "folder": "/home/yasminn/Documentos/phd/predppi_newpaper/string_comparison_functional/datasets_genemania/Hauri-Gstaiger-2013/", "description": "Hauri-Gstaiger-2013"}, {"prefix": "Benzinger-Hermeking-2005_", "folder": "/home/yasminn/Documentos/phd/predppi_newpaper/string_comparison_functional/datasets_genemania/Benzinger-Hermeking-2005/", "description": "Benzinger-Hermeking-2005"}, {"prefix": "Roy-Parent-2013_", "folder": "/home/yasminn/Documentos/phd/predppi_newpaper/string_comparison_functional/datasets_genemania/Roy-Parent-2013/", "description": "Roy-Parent-2013"}, {"prefix": "Goudreault-Gingras-2009_", "folder": "/home/yasminn/Documentos/phd/predppi_newpaper/string_comparison_functional/datasets_genemania/Goudreault-Gingras-2009/", "description": "Goudreault-Gingras-2009"}, {"prefix": "Floyd-Pagliarini-2016_", "folder": "/home/yasminn/Documentos/phd/predppi_newpaper/string_comparison_functional/datasets_genemania/Floyd-Pagliarini-2016/", "description": "Floyd-Pagliarini-2016"}, {"prefix": "Behzadnia-Luhrmann-2007_", "folder": "/home/yasminn/Documentos/phd/predppi_newpaper/string_comparison_functional/datasets_genemania/Behzadnia-Luhrmann-2007/", "description": "Behzadnia-Luhrmann-2007"}, {"prefix": "Bonacci-Soubeyran-2014_", "folder": "/home/yasminn/Documentos/phd/predppi_newpaper/string_comparison_functional/datasets_genemania/Bonacci-Soubeyran-2014/", "description": "Bonacci-Soubeyran-2014"}, {"prefix": "Ramachandran-LaBaer-2004_", "folder": "/home/yasminn/Documentos/phd/predppi_newpaper/string_comparison_functional/datasets_genemania/Ramachandran-LaBaer-2004/", "description": "Ramachandran-LaBaer-2004"}, {"prefix": "Danielsen-Nielsen-2011_", "folder": "/home/yasminn/Documentos/phd/predppi_newpaper/string_comparison_functional/datasets_genemania/Danielsen-Nielsen-2011/", "description": "Danielsen-Nielsen-2011"}, {"prefix": "Tsai-Cristea-2012_", "folder": "/home/yasminn/Documentos/phd/predppi_newpaper/string_comparison_functional/datasets_genemania/Tsai-Cristea-2012/", "description": "Tsai-Cristea-2012"}, {"prefix": "Vinayagam-Wanker-2011_", "folder": "/home/yasminn/Documentos/phd/predppi_newpaper/string_comparison_functional/datasets_genemania/Vinayagam-Wanker-2011/", "description": "Vinayagam-Wanker-2011"}, {"prefix": "Zhou-Hanemann-2016_", "folder": "/home/yasminn/Documentos/phd/predppi_newpaper/string_comparison_functional/datasets_genemania/Zhou-Hanemann-2016/", "description": "Zhou-Hanemann-2016"}, {"prefix": "Yu-Vidal-2011_", "folder": "/home/yasminn/Documentos/phd/predppi_newpaper/string_comparison_functional/datasets_genemania/Yu-Vidal-2011/", "description": "Yu-Vidal-2011"}, {"prefix": "IREF-BIOGRID_", "folder": "/home/yasminn/Documentos/phd/predppi_newpaper/string_comparison_functional/datasets_genemania/IREF-BIOGRID/", "description": "IREF-BIOGRID"}, {"prefix": "Yang-Chen-2010_", "folder": "/home/yasminn/Documentos/phd/predppi_newpaper/string_comparison_functional/datasets_genemania/Yang-Chen-2010/", "description": "Yang-Chen-2010"}, {"prefix": "Taipale-Lindquist-2014_", "folder": "/home/yasminn/Documentos/phd/predppi_newpaper/string_comparison_functional/datasets_genemania/Taipale-Lindquist-2014/", "description": "Taipale-Lindquist-2014"}, {"prefix": "IREF-PUBMED_", "folder": "/home/yasminn/Documentos/phd/predppi_newpaper/string_comparison_functional/datasets_genemania/IREF-PUBMED/", "description": "IREF-PUBMED"}, {"prefix": "Hegele-Stelzl-2012_A_", "folder": "/home/yasminn/Documentos/phd/predppi_newpaper/string_comparison_functional/datasets_genemania/Hegele-Stelzl-2012_A/", "description": "Hegele-Stelzl-2012_A"}, {"prefix": "Li-Dorf-2014_", "folder": "/home/yasminn/Documentos/phd/predppi_newpaper/string_comparison_functional/datasets_genemania/Li-Dorf-2014/", "description": "Li-Dorf-2014"}, {"prefix": "Phillips-Corn-2013_", "folder": "/home/yasminn/Documentos/phd/predppi_newpaper/string_comparison_functional/datasets_genemania/Phillips-Corn-2013/", "description": "Phillips-Corn-2013"}, {"prefix": "Lehner-Sanderson-2004_B_", "folder": "/home/yasminn/Documentos/phd/predppi_newpaper/string_comparison_functional/datasets_genemania/Lehner-Sanderson-2004_B/", "description": "Lehner-Sanderson-2004_B"}, {"prefix": "Emdal-Olsen-2015_", "folder": "/home/yasminn/Documentos/phd/predppi_newpaper/string_comparison_functional/datasets_genemania/Emdal-Olsen-2015/", "description": "Emdal-Olsen-2015"}, {"prefix": "Bruderer-Hay-2011_", "folder": "/home/yasminn/Documentos/phd/predppi_newpaper/string_comparison_functional/datasets_genemania/Bruderer-Hay-2011/", "description": "Bruderer-Hay-2011"}, {"prefix": "Zhao-Yang-2011_", "folder": "/home/yasminn/Documentos/phd/predppi_newpaper/string_comparison_functional/datasets_genemania/Zhao-Yang-2011/", "description": "Zhao-Yang-2011"}, {"prefix": "Emanuele-Elledge-2011_", "folder": "/home/yasminn/Documentos/phd/predppi_newpaper/string_comparison_functional/datasets_genemania/Emanuele-Elledge-2011/", "description": "Emanuele-Elledge-2011"}, {"prefix": "Gloeckner-Ueffing-2007_", "folder": "/home/yasminn/Documentos/phd/predppi_newpaper/string_comparison_functional/datasets_genemania/Gloeckner-Ueffing-2007/", "description": "Gloeckner-Ueffing-2007"}, {"prefix": "Glatter-Gstaiger-2009_", "folder": "/home/yasminn/Documentos/phd/predppi_newpaper/string_comparison_functional/datasets_genemania/Glatter-Gstaiger-2009/", "description": "Glatter-Gstaiger-2009"}, {"prefix": "Kotlyar-Jurisica-2015_", "folder": "/home/yasminn/Documentos/phd/predppi_newpaper/string_comparison_functional/datasets_genemania/Kotlyar-Jurisica-2015/", "description": "Kotlyar-Jurisica-2015"}, {"prefix": "Goehler-Wanker-2004_", "folder": "/home/yasminn/Documentos/phd/predppi_newpaper/string_comparison_functional/datasets_genemania/Goehler-Wanker-2004/", "description": "Goehler-Wanker-2004"}, {"prefix": "Virok-Fulop-2011_", "folder": "/home/yasminn/Documentos/phd/predppi_newpaper/string_comparison_functional/datasets_genemania/Virok-Fulop-2011/", "description": "Virok-Fulop-2011"}, {"prefix": "Vandamme-Angrand-2011_", "folder": "/home/yasminn/Documentos/phd/predppi_newpaper/string_comparison_functional/datasets_genemania/Vandamme-Angrand-2011/", "description": "Vandamme-Angrand-2011"}, {"prefix": "Zhao-Krug-2005_", "folder": "/home/yasminn/Documentos/phd/predppi_newpaper/string_comparison_functional/datasets_genemania/Zhao-Krug-2005/", "description": "Zhao-Krug-2005"}, {"prefix": "Arroyo-Aloy-2014_", "folder": "/home/yasminn/Documentos/phd/predppi_newpaper/string_comparison_functional/datasets_genemania/Arroyo-Aloy-2014/", "description": "Arroyo-Aloy-2014"}, {"prefix": "Rowbotham-Mermoud-2011_", "folder": "/home/yasminn/Documentos/phd/predppi_newpaper/string_comparison_functional/datasets_genemania/Rowbotham-Mermoud-2011/", "description": "Rowbotham-Mermoud-2011"}, {"prefix": "Ravasi-Hayashizaki-2010_", "folder": "/home/yasminn/Documentos/phd/predppi_newpaper/string_comparison_functional/datasets_genemania/Ravasi-Hayashizaki-2010/", "description": "Ravasi-Hayashizaki-2010"}, {"prefix": "Richter-Chrzanowska-Lightowlers-2010_", "folder": "/home/yasminn/Documentos/phd/predppi_newpaper/string_comparison_functional/datasets_genemania/Richter-Chrzanowska-Lightowlers-2010/", "description": "Richter-Chrzanowska-Lightowlers-2010"}, {"prefix": "Takahashi-Conaway-2011_", "folder": "/home/yasminn/Documentos/phd/predppi_newpaper/string_comparison_functional/datasets_genemania/Takahashi-Conaway-2011/", "description": "Takahashi-Conaway-2011"}, {"prefix": "Meek-Piwnica-Worms-2004_", "folder": "/home/yasminn/Documentos/phd/predppi_newpaper/string_comparison_functional/datasets_genemania/Meek-Piwnica-Worms-2004/", "description": "Meek-Piwnica-Worms-2004"}, {"prefix": "Varjosalo-Superti-Furga-2013_", "folder": "/home/yasminn/Documentos/phd/predppi_newpaper/string_comparison_functional/datasets_genemania/Varjosalo-Superti-Furga-2013/", "description": "Varjosalo-Superti-Furga-2013"}, {"prefix": "Singh-Moore-2012_", "folder": "/home/yasminn/Documentos/phd/predppi_newpaper/string_comparison_functional/datasets_genemania/Singh-Moore-2012/", "description": "Singh-Moore-2012"}, {"prefix": "Panigrahi-Pati-2012_", "folder": "/home/yasminn/Documentos/phd/predppi_newpaper/string_comparison_functional/datasets_genemania/Panigrahi-Pati-2012/", "description": "Panigrahi-Pati-2012"}, {"prefix": "Giannone-Liu-2010_", "folder": "/home/yasminn/Documentos/phd/predppi_newpaper/string_comparison_functional/datasets_genemania/Giannone-Liu-2010/", "description": "Giannone-Liu-2010"}, {"prefix": "Alexandru-Deshaies-2008_", "folder": "/home/yasminn/Documentos/phd/predppi_newpaper/string_comparison_functional/datasets_genemania/Alexandru-Deshaies-2008/", "description": "Alexandru-Deshaies-2008"}, {"prefix": "Xu-Ye-2012_", "folder": "/home/yasminn/Documentos/phd/predppi_newpaper/string_comparison_functional/datasets_genemania/Xu-Ye-2012/", "description": "Xu-Ye-2012"}, {"prefix": "Barr-Knapp-2009_", "folder": "/home/yasminn/Documentos/phd/predppi_newpaper/string_comparison_functional/datasets_genemania/Barr-Knapp-2009/", "description": "Barr-Knapp-2009"}, {"prefix": "Cloutier-Coulombe-2013_", "folder": "/home/yasminn/Documentos/phd/predppi_newpaper/string_comparison_functional/datasets_genemania/Cloutier-Coulombe-2013/", "description": "Cloutier-Coulombe-2013"}, {"prefix": "Stehling-Lill-2012_", "folder": "/home/yasminn/Documentos/phd/predppi_newpaper/string_comparison_functional/datasets_genemania/Stehling-Lill-2012/", "description": "Stehling-Lill-2012"}, {"prefix": "Aichem-Groettrup-2012_", "folder": "/home/yasminn/Documentos/phd/predppi_newpaper/string_comparison_functional/datasets_genemania/Aichem-Groettrup-2012/", "description": "Aichem-Groettrup-2012"}, {"prefix": "Corominas-Iakoucheva-2014_", "folder": "/home/yasminn/Documentos/phd/predppi_newpaper/string_comparison_functional/datasets_genemania/Corominas-Iakoucheva-2014/", "description": "Corominas-Iakoucheva-2014"}, {"prefix": "Grant-2010_", "folder": "/home/yasminn/Documentos/phd/predppi_newpaper/string_comparison_functional/datasets_genemania/Grant-2010/", "description": "Grant-2010"}, {"prefix": "Berggard-James-2006_", "folder": "/home/yasminn/Documentos/phd/predppi_newpaper/string_comparison_functional/datasets_genemania/Berggard-James-2006/", "description": "Berggard-James-2006"}, {"prefix": "Havrylov-Redowicz-2009_", "folder": "/home/yasminn/Documentos/phd/predppi_newpaper/string_comparison_functional/datasets_genemania/Havrylov-Redowicz-2009/", "description": "Havrylov-Redowicz-2009"}, {"prefix": "Chen-Zhang-2013_", "folder": "/home/yasminn/Documentos/phd/predppi_newpaper/string_comparison_functional/datasets_genemania/Chen-Zhang-2013/", "description": "Chen-Zhang-2013"}, {"prefix": "Wu-Ma-2012_", "folder": "/home/yasminn/Documentos/phd/predppi_newpaper/string_comparison_functional/datasets_genemania/Wu-Ma-2012/", "description": "Wu-Ma-2012"}, {"prefix": "Nakayama-Ohara-2002_", "folder": "/home/yasminn/Documentos/phd/predppi_newpaper/string_comparison_functional/datasets_genemania/Nakayama-Ohara-2002/", "description": "Nakayama-Ohara-2002"}, {"prefix": "Grossmann-Stelzl-2015_", "folder": "/home/yasminn/Documentos/phd/predppi_newpaper/string_comparison_functional/datasets_genemania/Grossmann-Stelzl-2015/", "description": "Grossmann-Stelzl-2015"}, {"prefix": "Xie-Cong-2013_", "folder": "/home/yasminn/Documentos/phd/predppi_newpaper/string_comparison_functional/datasets_genemania/Xie-Cong-2013/", "description": "Xie-Cong-2013"}, {"prefix": "Yu-Chow-2013_", "folder": "/home/yasminn/Documentos/phd/predppi_newpaper/string_comparison_functional/datasets_genemania/Yu-Chow-2013/", "description": "Yu-Chow-2013"}, {"prefix": "Hill-Livingston-2014_", "folder": "/home/yasminn/Documentos/phd/predppi_newpaper/string_comparison_functional/datasets_genemania/Hill-Livingston-2014/", "description": "Hill-Livingston-2014"}, {"prefix": "Kristensen-Foster-2012_", "folder": "/home/yasminn/Documentos/phd/predppi_newpaper/string_comparison_functional/datasets_genemania/Kristensen-Foster-2012/", "description": "Kristensen-Foster-2012"}, {"prefix": "Cox-Rizzino-2013_", "folder": "/home/yasminn/Documentos/phd/predppi_newpaper/string_comparison_functional/datasets_genemania/Cox-Rizzino-2013/", "description": "Cox-Rizzino-2013"}, {"prefix": "Lipp-Guthrie-2015_", "folder": "/home/yasminn/Documentos/phd/predppi_newpaper/string_comparison_functional/datasets_genemania/Lipp-Guthrie-2015/", "description": "Lipp-Guthrie-2015"}, {"prefix": "Galligan-Howley-2015_", "folder": "/home/yasminn/Documentos/phd/predppi_newpaper/string_comparison_functional/datasets_genemania/Galligan-Howley-2015/", "description": "Galligan-Howley-2015"}, {"prefix": "Hanson-Clayton-2014_", "folder": "/home/yasminn/Documentos/phd/predppi_newpaper/string_comparison_functional/datasets_genemania/Hanson-Clayton-2014/", "description": "Hanson-Clayton-2014"}, {"prefix": "Oshikawa-Nakayama-2012_", "folder": "/home/yasminn/Documentos/phd/predppi_newpaper/string_comparison_functional/datasets_genemania/Oshikawa-Nakayama-2012/", "description": "Oshikawa-Nakayama-2012"}, {"prefix": "Wang-Balch-2006_", "folder": "/home/yasminn/Documentos/phd/predppi_newpaper/string_comparison_functional/datasets_genemania/Wang-Balch-2006/", "description": "Wang-Balch-2006"}, {"prefix": "Milev-Mouland-2012_", "folder": "/home/yasminn/Documentos/phd/predppi_newpaper/string_comparison_functional/datasets_genemania/Milev-Mouland-2012/", "description": "Milev-Mouland-2012"}, {"prefix": "Katsogiannou-Rocchi-2014_", "folder": "/home/yasminn/Documentos/phd/predppi_newpaper/string_comparison_functional/datasets_genemania/Katsogiannou-Rocchi-2014/", "description": "Katsogiannou-Rocchi-2014"}, {"prefix": "Taipale-Lindquist-2012_", "folder": "/home/yasminn/Documentos/phd/predppi_newpaper/string_comparison_functional/datasets_genemania/Taipale-Lindquist-2012/", "description": "Taipale-Lindquist-2012"}, {"prefix": "Havugimana-Emili-2012_", "folder": "/home/yasminn/Documentos/phd/predppi_newpaper/string_comparison_functional/datasets_genemania/Havugimana-Emili-2012/", "description": "Havugimana-Emili-2012"}, {"prefix": "Behrends-Harper-2010_", "folder": "/home/yasminn/Documentos/phd/predppi_newpaper/string_comparison_functional/datasets_genemania/Behrends-Harper-2010/", "description": "Behrends-Harper-2010"}, {"prefix": "Colland-Gauthier-2004_", "folder": "/home/yasminn/Documentos/phd/predppi_newpaper/string_comparison_functional/datasets_genemania/Colland-Gauthier-2004/", "description": "Colland-Gauthier-2004"}, {"prefix": "Li-Haura-2013_", "folder": "/home/yasminn/Documentos/phd/predppi_newpaper/string_comparison_functional/datasets_genemania/Li-Haura-2013/", "description": "Li-Haura-2013"}, {"prefix": "Butland-Hayden-2014_", "folder": "/home/yasminn/Documentos/phd/predppi_newpaper/string_comparison_functional/datasets_genemania/Butland-Hayden-2014/", "description": "Butland-Hayden-2014"}, {"prefix": "Perez-Hernandez-Yanez-Mo-2013_", "folder": "/home/yasminn/Documentos/phd/predppi_newpaper/string_comparison_functional/datasets_genemania/Perez-Hernandez-Yanez-Mo-2013/", "description": "Perez-Hernandez-Yanez-Mo-2013"}, {"prefix": "Weimann-Stelzl-2013_B_", "folder": "/home/yasminn/Documentos/phd/predppi_newpaper/string_comparison_functional/datasets_genemania/Weimann-Stelzl-2013_B/", "description": "Weimann-Stelzl-2013_B"}, {"prefix": "Zhou-Conrads-2004_", "folder": "/home/yasminn/Documentos/phd/predppi_newpaper/string_comparison_functional/datasets_genemania/Zhou-Conrads-2004/", "description": "Zhou-Conrads-2004"}, {"prefix": "Stehling-Lill-2013_", "folder": "/home/yasminn/Documentos/phd/predppi_newpaper/string_comparison_functional/datasets_genemania/Stehling-Lill-2013/", "description": "Stehling-Lill-2013"}, {"prefix": "Blomen-Brummelkamp-2015_", "folder": "/home/yasminn/Documentos/phd/predppi_newpaper/string_comparison_functional/datasets_genemania/Blomen-Brummelkamp-2015/", "description": "Blomen-Brummelkamp-2015"}, {"prefix": "Soler-Lopez-Aloy-2011_", "folder": "/home/yasminn/Documentos/phd/predppi_newpaper/string_comparison_functional/datasets_genemania/Soler-Lopez-Aloy-2011/", "description": "Soler-Lopez-Aloy-2011"}, {"prefix": "Bandyopadhyay-Ideker-2010_", "folder": "/home/yasminn/Documentos/phd/predppi_newpaper/string_comparison_functional/datasets_genemania/Bandyopadhyay-Ideker-2010/", "description": "Bandyopadhyay-Ideker-2010"}, {"prefix": "McFarland-Nussbaum-2008_", "folder": "/home/yasminn/Documentos/phd/predppi_newpaper/string_comparison_functional/datasets_genemania/McFarland-Nussbaum-2008/", "description": "McFarland-Nussbaum-2008"}, {"prefix": "Weimann-Stelzl-2013_A_", "folder": "/home/yasminn/Documentos/phd/predppi_newpaper/string_comparison_functional/datasets_genemania/Weimann-Stelzl-2013_A/", "description": "Weimann-Stelzl-2013_A"}, {"prefix": "Couzens-Gingras-2013_", "folder": "/home/yasminn/Documentos/phd/predppi_newpaper/string_comparison_functional/datasets_genemania/Couzens-Gingras-2013/", "description": "Couzens-Gingras-2013"}, {"prefix": "Xiao-Lefkowitz-2007_", "folder": "/home/yasminn/Documentos/phd/predppi_newpaper/string_comparison_functional/datasets_genemania/Xiao-Lefkowitz-2007/", "description": "Xiao-Lefkowitz-2007"}, {"prefix": "IREF-DIP_", "folder": "/home/yasminn/Documentos/phd/predppi_newpaper/string_comparison_functional/datasets_genemania/IREF-DIP/", "description": "IREF-DIP"}, {"prefix": "Narayan-Bennett-2012_", "folder": "/home/yasminn/Documentos/phd/predppi_newpaper/string_comparison_functional/datasets_genemania/Narayan-Bennett-2012/", "description": "Narayan-Bennett-2012"}, {"prefix": "Venkatesan-Vidal-2009_", "folder": "/home/yasminn/Documentos/phd/predppi_newpaper/string_comparison_functional/datasets_genemania/Venkatesan-Vidal-2009/", "description": "Venkatesan-Vidal-2009"}, {"prefix": "Chen-Ge-2013_", "folder": "/home/yasminn/Documentos/phd/predppi_newpaper/string_comparison_functional/datasets_genemania/Chen-Ge-2013/", "description": "Chen-Ge-2013"}, {"prefix": "Koch-Hermeking-2007_", "folder": "/home/yasminn/Documentos/phd/predppi_newpaper/string_comparison_functional/datasets_genemania/Koch-Hermeking-2007/", "description": "Koch-Hermeking-2007"}, {"prefix": "Blandin-Richard-2013_", "folder": "/home/yasminn/Documentos/phd/predppi_newpaper/string_comparison_functional/datasets_genemania/Blandin-Richard-2013/", "description": "Blandin-Richard-2013"}, {"prefix": "Wagner-Choudhary-2011_", "folder": "/home/yasminn/Documentos/phd/predppi_newpaper/string_comparison_functional/datasets_genemania/Wagner-Choudhary-2011/", "description": "Wagner-Choudhary-2011"}, {"prefix": "Liu-Wang-2012_", "folder": "/home/yasminn/Documentos/phd/predppi_newpaper/string_comparison_functional/datasets_genemania/Liu-Wang-2012/", "description": "Liu-Wang-2012"}, {"prefix": "BIOGRID-SMALL-SCALE-STUDIES_", "folder": "/home/yasminn/Documentos/phd/predppi_newpaper/string_comparison_functional/datasets_genemania/BIOGRID-SMALL-SCALE-STUDIES/", "description": "BIOGRID-SMALL-SCALE-STUDIES"}, {"prefix": "Roy-Pardo-2014_", "folder": "/home/yasminn/Documentos/phd/predppi_newpaper/string_comparison_functional/datasets_genemania/Roy-Pardo-2014/", "description": "Roy-Pardo-2014"}, {"prefix": "Reinke-Keating-2013_", "folder": "/home/yasminn/Documentos/phd/predppi_newpaper/string_comparison_functional/datasets_genemania/Reinke-Keating-2013/", "description": "Reinke-Keating-2013"}, {"prefix": "So-Colwill-2015_", "folder": "/home/yasminn/Documentos/phd/predppi_newpaper/string_comparison_functional/datasets_genemania/So-Colwill-2015/", "description": "So-Colwill-2015"}, {"prefix": "Pichlmair-Superti-Furga-2011_", "folder": "/home/yasminn/Documentos/phd/predppi_newpaper/string_comparison_functional/datasets_genemania/Pichlmair-Superti-Furga-2011/", "description": "Pichlmair-Superti-Furga-2011"}, {"prefix": "Foerster-Ritter-2013_", "folder": "/home/yasminn/Documentos/phd/predppi_newpaper/string_comparison_functional/datasets_genemania/Foerster-Ritter-2013/", "description": "Foerster-Ritter-2013"}, {"prefix": "Li-Dorf-2011_A_", "folder": "/home/yasminn/Documentos/phd/predppi_newpaper/string_comparison_functional/datasets_genemania/Li-Dorf-2011_A/", "description": "Li-Dorf-2011_A"}, {"prefix": "Oliviero-Cagney-2015_", "folder": "/home/yasminn/Documentos/phd/predppi_newpaper/string_comparison_functional/datasets_genemania/Oliviero-Cagney-2015/", "description": "Oliviero-Cagney-2015"}, {"prefix": "Rual-Vidal-2005_B_", "folder": "/home/yasminn/Documentos/phd/predppi_newpaper/string_comparison_functional/datasets_genemania/Rual-Vidal-2005_B/", "description": "Rual-Vidal-2005_B"}, {"prefix": "Fogeron-Lange-2013_", "folder": "/home/yasminn/Documentos/phd/predppi_newpaper/string_comparison_functional/datasets_genemania/Fogeron-Lange-2013/", "description": "Fogeron-Lange-2013"}, {"prefix": "Reyniers-Taymans-2014_", "folder": "/home/yasminn/Documentos/phd/predppi_newpaper/string_comparison_functional/datasets_genemania/Reyniers-Taymans-2014/", "description": "Reyniers-Taymans-2014"}, {"prefix": "Weinmann-Meister-2009_", "folder": "/home/yasminn/Documentos/phd/predppi_newpaper/string_comparison_functional/datasets_genemania/Weinmann-Meister-2009/", "description": "Weinmann-Meister-2009"}, {"prefix": "Wilker-Yaffe-2007_", "folder": "/home/yasminn/Documentos/phd/predppi_newpaper/string_comparison_functional/datasets_genemania/Wilker-Yaffe-2007/", "description": "Wilker-Yaffe-2007"}, {"prefix": "Wang-Yang-2011_", "folder": "/home/yasminn/Documentos/phd/predppi_newpaper/string_comparison_functional/datasets_genemania/Wang-Yang-2011/", "description": "Wang-Yang-2011"}, {"prefix": "de_Hoog-Mann-2004_", "folder": "/home/yasminn/Documentos/phd/predppi_newpaper/string_comparison_functional/datasets_genemania/de_Hoog-Mann-2004/", "description": "de_Hoog-Mann-2004"}, {"prefix": "Pichlmair-Superti-Furga-2012_", "folder": "/home/yasminn/Documentos/phd/predppi_newpaper/string_comparison_functional/datasets_genemania/Pichlmair-Superti-Furga-2012/", "description": "Pichlmair-Superti-Furga-2012"}, {"prefix": "Hutchins-Peters-2010_", "folder": "/home/yasminn/Documentos/phd/predppi_newpaper/string_comparison_functional/datasets_genemania/Hutchins-Peters-2010/", "description": "Hutchins-Peters-2010"}, {"prefix": "Humphries-Humphries-2009_", "folder": "/home/yasminn/Documentos/phd/predppi_newpaper/string_comparison_functional/datasets_genemania/Humphries-Humphries-2009/", "description": "Humphries-Humphries-2009"}, {"prefix": "Olma-Pintard-2009_", "folder": "/home/yasminn/Documentos/phd/predppi_newpaper/string_comparison_functional/datasets_genemania/Olma-Pintard-2009/", "description": "Olma-Pintard-2009"}, {"prefix": "Bantscheff-Drewes-2011_", "folder": "/home/yasminn/Documentos/phd/predppi_newpaper/string_comparison_functional/datasets_genemania/Bantscheff-Drewes-2011/", "description": "Bantscheff-Drewes-2011"}, {"prefix": "Napolitano-Meroni-2011_", "folder": "/home/yasminn/Documentos/phd/predppi_newpaper/string_comparison_functional/datasets_genemania/Napolitano-Meroni-2011/", "description": "Napolitano-Meroni-2011"}, {"prefix": "Zanon-Pichler-2013_", "folder": "/home/yasminn/Documentos/phd/predppi_newpaper/string_comparison_functional/datasets_genemania/Zanon-Pichler-2013/", "description": "Zanon-Pichler-2013"}, {"prefix": "Persaud-Rotin-2009_", "folder": "/home/yasminn/Documentos/phd/predppi_newpaper/string_comparison_functional/datasets_genemania/Persaud-Rotin-2009/", "description": "Persaud-Rotin-2009"}, {"prefix": "Barrios-Rodiles-Wrana-2005_", "folder": "/home/yasminn/Documentos/phd/predppi_newpaper/string_comparison_functional/datasets_genemania/Barrios-Rodiles-Wrana-2005/", "description": "Barrios-Rodiles-Wrana-2005"}, {"prefix": "Jones-MacBeath-2006_", "folder": "/home/yasminn/Documentos/phd/predppi_newpaper/string_comparison_functional/datasets_genemania/Jones-MacBeath-2006/", "description": "Jones-MacBeath-2006"}, {"prefix": "IREF-MATRIXDB_", "folder": "/home/yasminn/Documentos/phd/predppi_newpaper/string_comparison_functional/datasets_genemania/IREF-MATRIXDB/", "description": "IREF-MATRIXDB"}, {"prefix": "Wong-OBryan-2012_", "folder": "/home/yasminn/Documentos/phd/predppi_newpaper/string_comparison_functional/datasets_genemania/Wong-OBryan-2012/", "description": "Wong-OBryan-2012"}, {"prefix": "Yatim-Benkirane-2012_", "folder": "/home/yasminn/Documentos/phd/predppi_newpaper/string_comparison_functional/datasets_genemania/Yatim-Benkirane-2012/", "description": "Yatim-Benkirane-2012"}, {"prefix": "Neganova-Lako-2011_", "folder": "/home/yasminn/Documentos/phd/predppi_newpaper/string_comparison_functional/datasets_genemania/Neganova-Lako-2011/", "description": "Neganova-Lako-2011"}, {"prefix": "Gautier-Hall-2009_", "folder": "/home/yasminn/Documentos/phd/predppi_newpaper/string_comparison_functional/datasets_genemania/Gautier-Hall-2009/", "description": "Gautier-Hall-2009"}, {"prefix": "Sang-Jackson-2011_", "folder": "/home/yasminn/Documentos/phd/predppi_newpaper/string_comparison_functional/datasets_genemania/Sang-Jackson-2011/", "description": "Sang-Jackson-2011"}, {"prefix": "Agrawal-Sedivy-2010_", "folder": "/home/yasminn/Documentos/phd/predppi_newpaper/string_comparison_functional/datasets_genemania/Agrawal-Sedivy-2010/", "description": "Agrawal-Sedivy-2010"}, {"prefix": "Wen-Wu-2014_", "folder": "/home/yasminn/Documentos/phd/predppi_newpaper/string_comparison_functional/datasets_genemania/Wen-Wu-2014/", "description": "Wen-Wu-2014"}, {"prefix": "van_Wijk-Timmers-2009_", "folder": "/home/yasminn/Documentos/phd/predppi_newpaper/string_comparison_functional/datasets_genemania/van_Wijk-Timmers-2009/", "description": "van_Wijk-Timmers-2009"}, {"prefix": "Byron-Humphries-2012_", "folder": "/home/yasminn/Documentos/phd/predppi_newpaper/string_comparison_functional/datasets_genemania/Byron-Humphries-2012/", "description": "Byron-Humphries-2012"}, {"prefix": "Freibaum-Taylor-2010_", "folder": "/home/yasminn/Documentos/phd/predppi_newpaper/string_comparison_functional/datasets_genemania/Freibaum-Taylor-2010/", "description": "Freibaum-Taylor-2010"}, {"prefix": "Udeshi-Carr-2012_", "folder": "/home/yasminn/Documentos/phd/predppi_newpaper/string_comparison_functional/datasets_genemania/Udeshi-Carr-2012/", "description": "Udeshi-Carr-2012"}, {"prefix": "Jager-Krogan-2011_", "folder": "/home/yasminn/Documentos/phd/predppi_newpaper/string_comparison_functional/datasets_genemania/Jager-Krogan-2011/", "description": "Jager-Krogan-2011"}, {"prefix": "IREF-INTACT_", "folder": "/home/yasminn/Documentos/phd/predppi_newpaper/string_comparison_functional/datasets_genemania/IREF-INTACT/", "description": "IREF-INTACT"}, {"prefix": "Lambert-Gingras-2015_", "folder": "/home/yasminn/Documentos/phd/predppi_newpaper/string_comparison_functional/datasets_genemania/Lambert-Gingras-2015/", "description": "Lambert-Gingras-2015"}, {"prefix": "Gabriel-Baumgrass-2016_", "folder": "/home/yasminn/Documentos/phd/predppi_newpaper/string_comparison_functional/datasets_genemania/Gabriel-Baumgrass-2016/", "description": "Gabriel-Baumgrass-2016"}, {"prefix": "Newman-Keating-2003_", "folder": "/home/yasminn/Documentos/phd/predppi_newpaper/string_comparison_functional/datasets_genemania/Newman-Keating-2003/", "description": "Newman-Keating-2003"}, {"prefix": "Foster-Marshall-2013_", "folder": "/home/yasminn/Documentos/phd/predppi_newpaper/string_comparison_functional/datasets_genemania/Foster-Marshall-2013/", "description": "Foster-Marshall-2013"}, {"prefix": "Witt-Labeit-2008_", "folder": "/home/yasminn/Documentos/phd/predppi_newpaper/string_comparison_functional/datasets_genemania/Witt-Labeit-2008/", "description": "Witt-Labeit-2008"}, {"prefix": "Ewing-Figeys-2007_", "folder": "/home/yasminn/Documentos/phd/predppi_newpaper/string_comparison_functional/datasets_genemania/Ewing-Figeys-2007/", "description": "Ewing-Figeys-2007"}, {"prefix": "Matsumoto-Nakayama-2005_", "folder": "/home/yasminn/Documentos/phd/predppi_newpaper/string_comparison_functional/datasets_genemania/Matsumoto-Nakayama-2005/", "description": "Matsumoto-Nakayama-2005"}, {"prefix": "Leung-Jones-2014_", "folder": "/home/yasminn/Documentos/phd/predppi_newpaper/string_comparison_functional/datasets_genemania/Leung-Jones-2014/", "description": "Leung-Jones-2014"}, {"prefix": "Krl-Gorlich-2015_", "folder": "/home/yasminn/Documentos/phd/predppi_newpaper/string_comparison_functional/datasets_genemania/Krl-Gorlich-2015/", "description": "Krl-Gorlich-2015"}, {"prefix": "Kahle-Zoghbi-2011_", "folder": "/home/yasminn/Documentos/phd/predppi_newpaper/string_comparison_functional/datasets_genemania/Kahle-Zoghbi-2011/", "description": "Kahle-Zoghbi-2011"}, {"prefix": "Li-Chen-2015_", "folder": "/home/yasminn/Documentos/phd/predppi_newpaper/string_comparison_functional/datasets_genemania/Li-Chen-2015/", "description": "Li-Chen-2015"}, {"prefix": "Woodsmith-Sanderson-2012_", "folder": "/home/yasminn/Documentos/phd/predppi_newpaper/string_comparison_functional/datasets_genemania/Woodsmith-Sanderson-2012/", "description": "Woodsmith-Sanderson-2012"}, {"prefix": "Bogachek-Weigel-2014_", "folder": "/home/yasminn/Documentos/phd/predppi_newpaper/string_comparison_functional/datasets_genemania/Bogachek-Weigel-2014/", "description": "Bogachek-Weigel-2014"}, {"prefix": "Murakawa-Landthaler-2015_", "folder": "/home/yasminn/Documentos/phd/predppi_newpaper/string_comparison_functional/datasets_genemania/Murakawa-Landthaler-2015/", "description": "Murakawa-Landthaler-2015"}, {"prefix": "Marechal-Zou-2014_", "folder": "/home/yasminn/Documentos/phd/predppi_newpaper/string_comparison_functional/datasets_genemania/Marechal-Zou-2014/", "description": "Marechal-Zou-2014"}, {"prefix": "Mak-Moffat-2010_", "folder": "/home/yasminn/Documentos/phd/predppi_newpaper/string_comparison_functional/datasets_genemania/Mak-Moffat-2010/", "description": "Mak-Moffat-2010"}, {"prefix": "IREF-HPRD_", "folder": "/home/yasminn/Documentos/phd/predppi_newpaper/string_comparison_functional/datasets_genemania/IREF-HPRD/", "description": "IREF-HPRD"}, {"prefix": "Carmon-Liu-2014_", "folder": "/home/yasminn/Documentos/phd/predppi_newpaper/string_comparison_functional/datasets_genemania/Carmon-Liu-2014/", "description": "Carmon-Liu-2014"}, {"prefix": "Camargo-Brandon-2007_", "folder": "/home/yasminn/Documentos/phd/predppi_newpaper/string_comparison_functional/datasets_genemania/Camargo-Brandon-2007/", "description": "Camargo-Brandon-2007"}, {"prefix": "Lleres-Lamond-2010_", "folder": "/home/yasminn/Documentos/phd/predppi_newpaper/string_comparison_functional/datasets_genemania/Lleres-Lamond-2010/", "description": "Lleres-Lamond-2010"}, {"prefix": "Kneissl-Grummt-2003_", "folder": "/home/yasminn/Documentos/phd/predppi_newpaper/string_comparison_functional/datasets_genemania/Kneissl-Grummt-2003/", "description": "Kneissl-Grummt-2003"}, {"prefix": "Dart-Wells-2015_", "folder": "/home/yasminn/Documentos/phd/predppi_newpaper/string_comparison_functional/datasets_genemania/Dart-Wells-2015/", "description": "Dart-Wells-2015"}, {"prefix": "Wallach-Kramer-2013_", "folder": "/home/yasminn/Documentos/phd/predppi_newpaper/string_comparison_functional/datasets_genemania/Wallach-Kramer-2013/", "description": "Wallach-Kramer-2013"}, {"prefix": "Johnson-Kerner-Wichterle-2015_", "folder": "/home/yasminn/Documentos/phd/predppi_newpaper/string_comparison_functional/datasets_genemania/Johnson-Kerner-Wichterle-2015/", "description": "Johnson-Kerner-Wichterle-2015"}, {"prefix": "Brehme-Superti-Furga-2009_", "folder": "/home/yasminn/Documentos/phd/predppi_newpaper/string_comparison_functional/datasets_genemania/Brehme-Superti-Furga-2009/", "description": "Brehme-Superti-Furga-2009"}, {"prefix": "Raman-Harper-2015_", "folder": "/home/yasminn/Documentos/phd/predppi_newpaper/string_comparison_functional/datasets_genemania/Raman-Harper-2015/", "description": "Raman-Harper-2015"}, {"prefix": "Albers-Koegl-2005_", "folder": "/home/yasminn/Documentos/phd/predppi_newpaper/string_comparison_functional/datasets_genemania/Albers-Koegl-2005/", "description": "Albers-Koegl-2005"}, {"prefix": "Arroyo-Aloy-2015_", "folder": "/home/yasminn/Documentos/phd/predppi_newpaper/string_comparison_functional/datasets_genemania/Arroyo-Aloy-2015/", "description": "Arroyo-Aloy-2015"}, {"prefix": "Bhatnagar-Attie-2014_", "folder": "/home/yasminn/Documentos/phd/predppi_newpaper/string_comparison_functional/datasets_genemania/Bhatnagar-Attie-2014/", "description": "Bhatnagar-Attie-2014"}, {"prefix": "Drissi-Boisvert-2015_", "folder": "/home/yasminn/Documentos/phd/predppi_newpaper/string_comparison_functional/datasets_genemania/Drissi-Boisvert-2015/", "description": "Drissi-Boisvert-2015"}, {"prefix": "Vermeulen-Mann-2010_", "folder": "/home/yasminn/Documentos/phd/predppi_newpaper/string_comparison_functional/datasets_genemania/Vermeulen-Mann-2010/", "description": "Vermeulen-Mann-2010"}, {"prefix": "Low-Heck-2014_", "folder": "/home/yasminn/Documentos/phd/predppi_newpaper/string_comparison_functional/datasets_genemania/Low-Heck-2014/", "description": "Low-Heck-2014"}, {"prefix": "Guarani-Harper-2014_", "folder": "/home/yasminn/Documentos/phd/predppi_newpaper/string_comparison_functional/datasets_genemania/Guarani-Harper-2014/", "description": "Guarani-Harper-2014"}, {"prefix": "Malovannaya-Qin-2010_", "folder": "/home/yasminn/Documentos/phd/predppi_newpaper/string_comparison_functional/datasets_genemania/Malovannaya-Qin-2010/", "description": "Malovannaya-Qin-2010"}, {"prefix": "Lu-Zhang-2013_", "folder": "/home/yasminn/Documentos/phd/predppi_newpaper/string_comparison_functional/datasets_genemania/Lu-Zhang-2013/", "description": "Lu-Zhang-2013"}, {"prefix": "Tarallo-Weisz-2011_", "folder": "/home/yasminn/Documentos/phd/predppi_newpaper/string_comparison_functional/datasets_genemania/Tarallo-Weisz-2011/", "description": "Tarallo-Weisz-2011"}, {"prefix": "Tong-Moran-2014_", "folder": "/home/yasminn/Documentos/phd/predppi_newpaper/string_comparison_functional/datasets_genemania/Tong-Moran-2014/", "description": "Tong-Moran-2014"}, {"prefix": "Lehner-Sanderson-2004_A_", "folder": "/home/yasminn/Documentos/phd/predppi_newpaper/string_comparison_functional/datasets_genemania/Lehner-Sanderson-2004_A/", "description": "Lehner-Sanderson-2004_A"}, {"prefix": "Petschnigg-Stagljar-2014_", "folder": "/home/yasminn/Documentos/phd/predppi_newpaper/string_comparison_functional/datasets_genemania/Petschnigg-Stagljar-2014/", "description": "Petschnigg-Stagljar-2014"}, {"prefix": "Arbuckle-Grant-2010_", "folder": "/home/yasminn/Documentos/phd/predppi_newpaper/string_comparison_functional/datasets_genemania/Arbuckle-Grant-2010/", "description": "Arbuckle-Grant-2010"}, {"prefix": "Thalappilly-Dusetti-2008_", "folder": "/home/yasminn/Documentos/phd/predppi_newpaper/string_comparison_functional/datasets_genemania/Thalappilly-Dusetti-2008/", "description": "Thalappilly-Dusetti-2008"}, {"prefix": "Golebiowski-Hay-2009_", "folder": "/home/yasminn/Documentos/phd/predppi_newpaper/string_comparison_functional/datasets_genemania/Golebiowski-Hay-2009/", "description": "Golebiowski-Hay-2009"}, {"prefix": "Li-Dorf-2011_B_", "folder": "/home/yasminn/Documentos/phd/predppi_newpaper/string_comparison_functional/datasets_genemania/Li-Dorf-2011_B/", "description": "Li-Dorf-2011_B"}, {"prefix": "Nathan-Goldberg-2013_", "folder": "/home/yasminn/Documentos/phd/predppi_newpaper/string_comparison_functional/datasets_genemania/Nathan-Goldberg-2013/", "description": "Nathan-Goldberg-2013"}, {"prefix": "Rolland-Vidal-2014_", "folder": "/home/yasminn/Documentos/phd/predppi_newpaper/string_comparison_functional/datasets_genemania/Rolland-Vidal-2014/", "description": "Rolland-Vidal-2014"}, {"prefix": "Hayes-Urbe-2012_", "folder": "/home/yasminn/Documentos/phd/predppi_newpaper/string_comparison_functional/datasets_genemania/Hayes-Urbe-2012/", "description": "Hayes-Urbe-2012"}, {"prefix": "Lau-Ronai-2012_", "folder": "/home/yasminn/Documentos/phd/predppi_newpaper/string_comparison_functional/datasets_genemania/Lau-Ronai-2012/", "description": "Lau-Ronai-2012"}, {"prefix": "Markson-Sanderson-2009_", "folder": "/home/yasminn/Documentos/phd/predppi_newpaper/string_comparison_functional/datasets_genemania/Markson-Sanderson-2009/", "description": "Markson-Sanderson-2009"}, {"prefix": "Stes-Gevaert-2014_", "folder": "/home/yasminn/Documentos/phd/predppi_newpaper/string_comparison_functional/datasets_genemania/Stes-Gevaert-2014/", "description": "Stes-Gevaert-2014"}, {"prefix": "Lamoliatte-Thibault-2014_", "folder": "/home/yasminn/Documentos/phd/predppi_newpaper/string_comparison_functional/datasets_genemania/Lamoliatte-Thibault-2014/", "description": "Lamoliatte-Thibault-2014"}, {"prefix": "Brajenovic-Drewes-2004_", "folder": "/home/yasminn/Documentos/phd/predppi_newpaper/string_comparison_functional/datasets_genemania/Brajenovic-Drewes-2004/", "description": "Brajenovic-Drewes-2004"}, {"prefix": "Wang-Xu-2015_", "folder": "/home/yasminn/Documentos/phd/predppi_newpaper/string_comparison_functional/datasets_genemania/Wang-Xu-2015/", "description": "Wang-Xu-2015"}, {"prefix": "Miyamoto-Sato-Yanagawa-2010_", "folder": "/home/yasminn/Documentos/phd/predppi_newpaper/string_comparison_functional/datasets_genemania/Miyamoto-Sato-Yanagawa-2010/", "description": "Miyamoto-Sato-Yanagawa-2010"}, {"prefix": "IREF-SMALL-SCALE-STUDIES_", "folder": "/home/yasminn/Documentos/phd/predppi_newpaper/string_comparison_functional/datasets_genemania/IREF-SMALL-SCALE-STUDIES/", "description": "IREF-SMALL-SCALE-STUDIES"}, {"prefix": "Ingham-Pawson-2005_", "folder": "/home/yasminn/Documentos/phd/predppi_newpaper/string_comparison_functional/datasets_genemania/Ingham-Pawson-2005/", "description": "Ingham-Pawson-2005"}, {"prefix": "Ouyang-Gill-2009_", "folder": "/home/yasminn/Documentos/phd/predppi_newpaper/string_comparison_functional/datasets_genemania/Ouyang-Gill-2009/", "description": "Ouyang-Gill-2009"}, {"prefix": "Gupta-Pelletier-2015_", "folder": "/home/yasminn/Documentos/phd/predppi_newpaper/string_comparison_functional/datasets_genemania/Gupta-Pelletier-2015/", "description": "Gupta-Pelletier-2015"}, {"prefix": "Andresen-Flores-Morales-2014_", "folder": "/home/yasminn/Documentos/phd/predppi_newpaper/string_comparison_functional/datasets_genemania/Andresen-Flores-Morales-2014/", "description": "Andresen-Flores-Morales-2014"}, {"prefix": "Bennett-Harper-2010_", "folder": "/home/yasminn/Documentos/phd/predppi_newpaper/string_comparison_functional/datasets_genemania/Bennett-Harper-2010/", "description": "Bennett-Harper-2010"}, {"prefix": "Whisenant-Salomon-2015_", "folder": "/home/yasminn/Documentos/phd/predppi_newpaper/string_comparison_functional/datasets_genemania/Whisenant-Salomon-2015/", "description": "Whisenant-Salomon-2015"}, {"prefix": "IREF-MPPI_", "folder": "/home/yasminn/Documentos/phd/predppi_newpaper/string_comparison_functional/datasets_genemania/IREF-MPPI/", "description": "IREF-MPPI"}, {"prefix": "Bouwmeester-Superti-Furga-2004_", "folder": "/home/yasminn/Documentos/phd/predppi_newpaper/string_comparison_functional/datasets_genemania/Bouwmeester-Superti-Furga-2004/", "description": "Bouwmeester-Superti-Furga-2004"}, {"prefix": "Jeronimo-Coulombe-2007_", "folder": "/home/yasminn/Documentos/phd/predppi_newpaper/string_comparison_functional/datasets_genemania/Jeronimo-Coulombe-2007/", "description": "Jeronimo-Coulombe-2007"}, {"prefix": "Pilot-Storck-Goillot-2010_", "folder": "/home/yasminn/Documentos/phd/predppi_newpaper/string_comparison_functional/datasets_genemania/Pilot-Storck-Goillot-2010/", "description": "Pilot-Storck-Goillot-2010"}, {"prefix": "Joshi-Cristea-2013_", "folder": "/home/yasminn/Documentos/phd/predppi_newpaper/string_comparison_functional/datasets_genemania/Joshi-Cristea-2013/", "description": "Joshi-Cristea-2013"}, {"prefix": "Woods-Monteiro-2012_", "folder": "/home/yasminn/Documentos/phd/predppi_newpaper/string_comparison_functional/datasets_genemania/Woods-Monteiro-2012/", "description": "Woods-Monteiro-2012"}, {"prefix": "McCracken-Blencowe-2005_", "folder": "/home/yasminn/Documentos/phd/predppi_newpaper/string_comparison_functional/datasets_genemania/McCracken-Blencowe-2005/", "description": "McCracken-Blencowe-2005"}, {"prefix": "Lim-Zoghbi-2006_", "folder": "/home/yasminn/Documentos/phd/predppi_newpaper/string_comparison_functional/datasets_genemania/Lim-Zoghbi-2006/", "description": "Lim-Zoghbi-2006"}, {"prefix": "Hegele-Stelzl-2012_B_", "folder": "/home/yasminn/Documentos/phd/predppi_newpaper/string_comparison_functional/datasets_genemania/Hegele-Stelzl-2012_B/", "description": "Hegele-Stelzl-2012_B"}, {"prefix": "Fenner-Prehn-2010_", "folder": "/home/yasminn/Documentos/phd/predppi_newpaper/string_comparison_functional/datasets_genemania/Fenner-Prehn-2010/", "description": "Fenner-Prehn-2010"}, {"prefix": "Loch-Strickler-2012_", "folder": "/home/yasminn/Documentos/phd/predppi_newpaper/string_comparison_functional/datasets_genemania/Loch-Strickler-2012/", "description": "Loch-Strickler-2012"}, {"prefix": "Povlsen-Choudhary-2012_", "folder": "/home/yasminn/Documentos/phd/predppi_newpaper/string_comparison_functional/datasets_genemania/Povlsen-Choudhary-2012/", "description": "Povlsen-Choudhary-2012"}, {"prefix": "Hein-Mann-2015_", "folder": "/home/yasminn/Documentos/phd/predppi_newpaper/string_comparison_functional/datasets_genemania/Hein-Mann-2015/", "description": "Hein-Mann-2015"}, {"prefix": "Diner-Cristea-2015_", "folder": "/home/yasminn/Documentos/phd/predppi_newpaper/string_comparison_functional/datasets_genemania/Diner-Cristea-2015/", "description": "Diner-Cristea-2015"}, {"prefix": "Nicholson-Hupp-2014_", "folder": "/home/yasminn/Documentos/phd/predppi_newpaper/string_comparison_functional/datasets_genemania/Nicholson-Hupp-2014/", "description": "Nicholson-Hupp-2014"}, {"prefix": "Karblane-Sarmiento-2015_", "folder": "/home/yasminn/Documentos/phd/predppi_newpaper/string_comparison_functional/datasets_genemania/Karblane-Sarmiento-2015/", "description": "Karblane-Sarmiento-2015"}, {"prefix": "Sowa-Harper-2009_", "folder": "/home/yasminn/Documentos/phd/predppi_newpaper/string_comparison_functional/datasets_genemania/Sowa-Harper-2009/", "description": "Sowa-Harper-2009"}, {"prefix": "Wan-Emili-2015_", "folder": "/home/yasminn/Documentos/phd/predppi_newpaper/string_comparison_functional/datasets_genemania/Wan-Emili-2015/", "description": "Wan-Emili-2015"}, {"prefix": "Rual-Vidal-2005_A_", "folder": "/home/yasminn/Documentos/phd/predppi_newpaper/string_comparison_functional/datasets_genemania/Rual-Vidal-2005_A/", "description": "Rual-Vidal-2005_A"}, {"prefix": "Greco-Cristea-2011_", "folder": "/home/yasminn/Documentos/phd/predppi_newpaper/string_comparison_functional/datasets_genemania/Greco-Cristea-2011/", "description": "Greco-Cristea-2011"}, {"prefix": "Varjosalo-Gstaiger-2013_", "folder": "/home/yasminn/Documentos/phd/predppi_newpaper/string_comparison_functional/datasets_genemania/Varjosalo-Gstaiger-2013/", "description": "Varjosalo-Gstaiger-2013"}, {"prefix": "Huttlin-Gygi-2015_", "folder": "/home/yasminn/Documentos/phd/predppi_newpaper/string_comparison_functional/datasets_genemania/Huttlin-Gygi-2015/", "description": "Huttlin-Gygi-2015"}, {"prefix": "Kim-Major-2015_", "folder": "/home/yasminn/Documentos/phd/predppi_newpaper/string_comparison_functional/datasets_genemania/Kim-Major-2015/", "description": "Kim-Major-2015"}, {"prefix": "Leng-Wang-2014_", "folder": "/home/yasminn/Documentos/phd/predppi_newpaper/string_comparison_functional/datasets_genemania/Leng-Wang-2014/", "description": "Leng-Wang-2014"}, {"prefix": "Stelzl-Wanker-2005_", "folder": "/home/yasminn/Documentos/phd/predppi_newpaper/string_comparison_functional/datasets_genemania/Stelzl-Wanker-2005/", "description": "Stelzl-Wanker-2005"}, {"prefix": "Kim-Gygi-2011_", "folder": "/home/yasminn/Documentos/phd/predppi_newpaper/string_comparison_functional/datasets_genemania/Kim-Gygi-2011/", "description": "Kim-Gygi-2011"}, {"prefix": "Roux-Burke-2012_", "folder": "/home/yasminn/Documentos/phd/predppi_newpaper/string_comparison_functional/datasets_genemania/Roux-Burke-2012/", "description": "Roux-Burke-2012"}, {"prefix": "Campos-Reinberg-2015_", "folder": "/home/yasminn/Documentos/phd/predppi_newpaper/string_comparison_functional/datasets_genemania/Campos-Reinberg-2015/", "description": "Campos-Reinberg-2015"}, {"prefix": "Thompson-Luchansky-2014_", "folder": "/home/yasminn/Documentos/phd/predppi_newpaper/string_comparison_functional/datasets_genemania/Thompson-Luchansky-2014/", "description": "Thompson-Luchansky-2014"}, {"prefix": "Wang-He-2008_", "folder": "/home/yasminn/Documentos/phd/predppi_newpaper/string_comparison_functional/datasets_genemania/Wang-He-2008/", "description": "Wang-He-2008"}, {"prefix": "Suter-Wanker-2013_", "folder": "/home/yasminn/Documentos/phd/predppi_newpaper/string_comparison_functional/datasets_genemania/Suter-Wanker-2013/", "description": "Suter-Wanker-2013"}, {"prefix": "Kaltenbach-Hughes-2007_", "folder": "/home/yasminn/Documentos/phd/predppi_newpaper/string_comparison_functional/datasets_genemania/Kaltenbach-Hughes-2007/", "description": "Kaltenbach-Hughes-2007"}, {"prefix": "Nakayasu-Adkins-2013_", "folder": "/home/yasminn/Documentos/phd/predppi_newpaper/string_comparison_functional/datasets_genemania/Nakayasu-Adkins-2013/", "description": "Nakayasu-Adkins-2013"}, {"prefix": "Papp-Lamia-2015_", "folder": "/home/yasminn/Documentos/phd/predppi_newpaper/string_comparison_functional/datasets_genemania/Papp-Lamia-2015/", "description": "Papp-Lamia-2015"}, {"prefix": "Lee-Songyang-2011_", "folder": "/home/yasminn/Documentos/phd/predppi_newpaper/string_comparison_functional/datasets_genemania/Lee-Songyang-2011/", "description": "Lee-Songyang-2011"}, {"prefix": "Wu-Li-2007_", "folder": "/home/yasminn/Documentos/phd/predppi_newpaper/string_comparison_functional/datasets_genemania/Wu-Li-2007/", "description": "Wu-Li-2007"}, {"prefix": "Tatham-Hay-2011_", "folder": "/home/yasminn/Documentos/phd/predppi_newpaper/string_comparison_functional/datasets_genemania/Tatham-Hay-2011/", "description": "Tatham-Hay-2011"}, {"prefix": "IREF-BIND_", "folder": "/home/yasminn/Documentos/phd/predppi_newpaper/string_comparison_functional/datasets_genemania/IREF-BIND/", "description": "IREF-BIND"}, {"prefix": "Jin-Pawson-2004_", "folder": "/home/yasminn/Documentos/phd/predppi_newpaper/string_comparison_functional/datasets_genemania/Jin-Pawson-2004/", "description": "Jin-Pawson-2004"}]}