P35222	P48736
P04637	Q71UI9
O00255	Q3L8U1
Q9ULT6	P12883
Q9UER7	P46736
Q93074	Q9ULD9
P84243	P01024
P84243	Q9H221
P84243	O43451
P84243	Q96JK9
P23467	Q8IVF2
P19174	Q9UHV7
P01112	Q9NP56
P01116	A6PVS8
P01111	Q8IW41
P31749	Q8N1N5
O15550	Q38SD2
Q8IXJ9	Q8IYT2
Q8IXJ9	Q9Y6Q9
P42771	P04229
Q92793	Q8N511
P21359	O95202
O14522	Q9UK58
Q9BYW2	Q92585
P08581	Q02080
O96017	Q14966
P15056	Q7L576
Q99102	P42263
Q70Z35	O14917
P42336	Q9H2J7
P42336	O60269
P42336	Q8TF21
P27986	P54756
P46531	Q86X24
O75874	O14776
Q96RK0	O60218
Q96AE4	B2RU33
P00533	P0DML3
P60484	Q9Y6L6
P06400	P80192
P06400	P21399
P46100	Q8WZ42
P16234	Q9Y6X8
P16234	Q12955
Q8N3U4	Q13227
Q8N653	Q8N5V2
Q5VW00	Q8TE12
P46777	Q96IF1
Q96PU8	Q08209
Q68CP9	O75410
O00743	A6NDS4
P07998	Q14206
O00571	Q9BYG5
Q9Y448	Q6ZUT3
Q02750	O14576
Q02750	P0C0S8
Q02750	Q9UPX8
P61769	Q13634
P61769	Q96G61
P04626	Q86YR6
P04626	Q9UBT2
P61586	Q06787
P10747	Q9Y274
P10747	Q9BRP1
P10747	Q9UPY6
Q00653	P25963
Q00653	P21399
P25445	Q9H251
P25445	P20042
Q9Y6K1	Q9P2G9
O14497	Q86WS3
O14497	Q8TE49
P37275	Q8N4M1
P51692	Q5ST30
P43146	P55201
P24821	P21462
P24821	Q9Y2E6
Q15262	P42677
Q15262	P31785
Q15262	Q9HC56
Q15262	Q8NES3
Q14832	Q9P212
P17612	Q9UPR3
P10644	O60512
P84996	Q05682
P25054	P0C0S8
P40763	P78509
Q99835	P28336
P35240	P82921
Q9UM73	P10301
Q06124	Q92743
P11362	Q86UP0
P11362	Q13114
P11362	Q96DT5
P11362	P25311
P11362	Q01664
Q01081	Q96AP0
Q01081	Q8TEK3
Q01081	Q8IYT8
Q01081	Q92963
Q01081	Q92729
Q01081	Q14CM0
Q01081	Q9Y6I8
Q01081	Q02556
Q01081	Q9C0I4
Q01081	P38159
Q01081	P25963
Q01081	Q5H9U9
Q01081	Q3ZAQ7
Q01081	P0C0S8
Q01081	O60814
Q01081	Q86YW9
Q01081	Q13813
Q01081	Q07889
Q01081	P51812
Q01081	P14210
Q01081	P13667
Q01081	Q8NEV8
Q01081	O75129
Q01081	Q7Z4S6
Q01081	P01375
Q01081	Q8N490
Q01081	O75113
Q01081	Q92540
Q01081	Q5ST30
Q92560	Q7L2E3
P51532	Q92752
P51532	Q15139
O14686	Q7Z2K8
Q13635	Q9UHC1
Q14145	O75962
Q15831	P54253
P98175	Q04609
Q13315	Q9Y2X3
Q13485	Q6ZPD9
Q9NZN5	O60610
P04049	P09382
Q8NEZ4	P63261
Q16236	Q9P2N4
Q14517	Q6J9G0
Q13618	Q68D86
Q969H0	Q9C0I4
Q96L73	Q86UP0
P27797	Q6H8Q1
P15172	Q92817
Q09472	Q16819
P37173	Q92626
O60674	P62805
P40238	Q9C009
Q6N021	Q9HDB5
Q15910	P24530
Q15910	Q8N4U5
P36507	O43916
P36507	Q9BYE2
P36507	Q8WXX0
P36507	Q8NC67
P36507	Q9BYT8
Q6V0I7	Q9NPI5
Q9NZR2	P09012
O75533	Q9UN66
P02461	Q15678
P38398	Q12852
P51587	Q9HCL2
O15393	Q7Z7G8
P11308	Q99445
Q86U86	Q9NQA5
Q8NFD5	P20936
Q96GM5	Q8N8A6
P21802	Q96AA8
P24385	P49842
P38936	P42677
P10398	P51884
P78545	O95256
P20749	Q9ULB4
P20749	O15062
P20749	P29016
P20749	Q86VI4
P35968	O60706
P35968	Q9ULG1
O14746	Q9BZE0
Q6W2J9	Q5FWF4
P04198	Q5VZ19
Q14202	Q96HB5
Q8WXI7	P08236
P02458	Q3BBV0
P10721	P15880
P22681	Q8TDN4
Q5H9F3	Q6UB98
P42345	Q7Z460
Q9H3D4	Q08050
Q12824	Q86XI2
Q12879	Q9BY12
P40337	Q99973
Q68DV7	P49459
Q68DV7	O14646
P68431	Q14573
Q04771	Q9UI47
P07954	P08235
P36896	Q9ULB1
P04637	P07814
P19174	Q86WI3
P01116	Q8N1N5
P01111	P02671
Q9BYW2	Q8N5V2
P08581	Q8NDF8
O96017	Q6XPS3
O96017	Q92565
O96017	Q9H221
O96017	Q8N1N5
O96017	Q8N9E0
O96017	P00540
O96017	Q9BXP5
Q70Z35	Q9UL16
Q70Z35	Q9Y6X8
Q70Z35	Q16821
Q70Z35	O15090
Q70Z35	Q9H0I9
P46100	Q07955
O00571	Q9H2D6
O00571	Q6PCB5
Q9Y448	Q9BYE2
Q9Y448	Q9UIF8
Q9Y448	P62328
Q9Y448	Q07889
P61586	Q8NDF8
P10747	P07996
O14497	O75129
P37275	Q9GZL7
Q15262	Q9NRQ2
Q15262	Q9UPY6
Q14832	O15156
Q14832	Q9P2E5
P84996	Q12802
P84996	Q05707
P25054	Q12933
P11362	Q2TAY7
Q9NZN5	Q93009
P04049	Q15139
P04049	Q8NFJ6
P04049	Q8NHM5
P04049	O15374
Q16236	P54252
Q15910	Q9ULJ6
Q15910	Q13442
P36507	Q86UP0
P36507	Q9UHV7
P36507	Q13905
P36507	Q9H4D0
P36507	Q9BU79
P36507	O75691
P02461	Q02556
Q96GM5	Q08050
P21802	P13639
P21802	Q9Y5T5
P38936	P01266
P38936	Q13442
P10398	Q9HCL2
P10398	Q8IZY2
P10398	Q2M385
P35968	P78347
P35968	Q14152
P08581	Q8TDN4
O75874	Q08554
O75874	Q9NR48
O75874	O15350
O75874	O15018
O75874	Q9ULB1
O75874	Q9NXG6
O75874	P55201
O75874	Q8WXH6
O75874	P41217
Q96RK0	P47870
Q96RK0	Q9BVK8
Q96RK0	Q7Z6E9
Q96RK0	Q5VWX1
Q96RK0	P50591
Q96RK0	Q8IVF7
Q96RK0	Q8IZY2
Q96RK0	Q14094
Q96RK0	O60269
Q96RK0	P38159
Q96RK0	P46934
Q96RK0	Q99645
Q96RK0	Q8N1A0
Q96RK0	Q6PEW1
Q96RK0	Q14722
Q96RK0	Q8N157
Q96RK0	O15143
Q96RK0	Q92953
Q96RK0	Q9HCK1
Q96RK0	Q96RT7
Q96RK0	P51798
Q96RK0	P16112
Q96RK0	Q01638
P46100	Q13546
P16234	P45974
Q8N653	P49418
Q8N653	Q6ZNG0
Q5VW00	P53667
O00743	P43355
O00571	Q8IW41
O00571	P49454
O00571	Q01484
O00571	Q8NEV8
P51692	O95202
P24821	Q8WUD6
P24821	Q6XYQ8
P25054	P36402
Q01081	Q14055
Q01081	O00463
Q01081	Q9UG63
Q01081	P18428
Q01081	P21462
Q01081	Q9UI47
Q9NZN5	Q9H3W5
Q9NZN5	Q9Y5T5
Q96L73	Q8IV76
Q15910	P58876
Q9NZR2	Q9NRE2
O75533	Q8IYT8
Q96GM5	P30679
P38936	Q9Y613
P38936	Q9P241
Q6W2J9	Q9BX82
P22681	Q7LDG7
P22681	Q96JA3
P22681	Q9BWV1
Q5H9F3	O95677
Q15796	O60315
Q15796	P17174
Q5JTC6	Q8NF91
Q9NQB0	Q8IVL0
P27037	Q9UBU9
P27037	Q3V6T2
P52701	Q9HAU4
P52701	P16401
Q14790	P09086
Q14790	Q9UMX3
P30153	O43529
Q14839	Q96D42
O43791	P21675
Q15375	Q15149
P21860	Q15751
P21860	P48729
P78333	Q9UKU6
P55317	P62841
P22607	Q9BTE3
P22607	Q49A26
P22607	P04424
P18074	O94972
P18074	Q8WWZ4
Q92574	O94805
P30281	Q86YZ3
P13746	Q99999
P23468	Q9BYK8
Q16288	Q12860
P04629	Q8N9L1
P04629	P12034
P22455	Q8WZ60
Q15303	Q9NRY4
Q15303	O14917
Q15303	O94991
Q15303	P14920
P29320	Q92608
Q13422	Q9H3W5
P36888	Q15070
P36888	Q16821
Q02548	Q9UKT9
P15502	Q9UPR6
P26232	O15034
Q9Y6N8	P20585
P09619	Q14DG7
P09619	P15918
P35916	Q9BTE3
P35916	Q6ZT12
P35916	Q9Y5V3
P06748	P36980
P40259	Q96N23
P40259	P41235
Q99836	Q8N1G0
Q99836	B2RTY4
Q99836	Q86UL8
Q99836	Q86U44
Q99836	Q9HCM1
Q99836	P35680
Q99836	Q8NHM5
P62324	Q15751
P33076	Q8N1C3
P41182	Q9H4B6
P10415	Q96NH3
O95999	Q9HBZ2
O95999	P21246
O00141	Q9NRY4
Q92956	Q8IYT2
Q9BXL7	O75122
Q15306	Q15070
Q12778	Q92665
P12830	O15446
P35268	Q6UWM9
O14980	Q9H1D0
Q04721	Q7Z745
Q04721	P15918
Q9NUX5	Q14814
P01106	Q16650
Q02535	Q12888
Q86XK2	Q9H2M3
O75376	Q3T906
O43283	Q9NR99
Q13233	Q96NX9
Q13233	P01213
Q13233	Q86YH6
P45985	P33402
P45985	Q5VTR2
P23771	Q8N187
P46527	Q4KMG0
P31751	P85037
O15119	Q6ZRQ5
O15297	Q7LDG7
Q7Z407	Q7RTN6
P10242	Q96JM4
P10242	Q9H2D6
P10242	Q96JG9
Q8IZL2	O75143
Q14203	Q8TCU3
O14647	Q13546
Q9BZK7	Q9Y6F6
P49711	P46013
Q13951	Q9Y6V0
Q01196	O00410
P07949	Q9Y3Z3
O15360	Q16777
Q9UIF7	Q96D96
Q14980	O94823
Q14191	P12036
O94761	Q13936
Q15154	Q8NDH2
O15169	Q7Z5L9
P49815	Q8TC71
P26358	Q96CE8
P50148	A6NEK1
P50148	O95067
P29992	Q9NRH2
P29992	P17861
P29992	Q9UQF2
P29992	Q9BXM0
P29992	Q14669
P29992	Q7RTN6
P29992	Q8N1F8
P29992	Q9UPR3
P29992	Q149N8
P29992	Q9NZL6
P29992	Q7LDG7
P29992	O14827
P29992	Q96JA3
P29992	Q9P212
P29992	Q9NXG6
P29992	Q15021
P29992	Q96JA1
P29992	Q8NES3
P29992	Q8NB78
P29992	Q01167
P29992	P85037
P29992	O00716
P29992	Q96SD1
P29992	Q8IWT3
P29992	A5YM72
P29992	P98171
P29992	P15514
P29992	O75179
P29992	Q6UB98
P29992	Q5U5Z8
P29992	Q6EMB2
P29992	Q86WZ6
P29992	Q96A56
P29992	Q8WXH6
P29992	P62805
P29992	P17174
P29992	P25311
P29992	Q13705
P29992	Q8N4U5
P29992	Q9ULW0
P29992	Q9UJW8
P29992	Q9BX82
P29992	Q06787
P29992	P35556
P29992	P17706
P29992	Q9H2G4
P47813	P02549
P47813	Q07283
P47813	P23276
P47813	Q16445
P47813	Q99985
P47813	Q9H1D0
P47813	O43704
P47813	A8MXY4
P47813	P45452
P47813	Q9BX69
P47813	P14867
P47813	Q6ZUT3
P47813	P09544
P47813	O14627
P47813	Q9BYG5
P47813	Q9BVK8
P47813	Q92665
P47813	P17010
P47813	Q92565
P47813	P04899
P47813	Q8WUY3
P47813	Q92729
P47813	Q9NRY4
P47813	Q9UM47
P47813	Q96IF1
P47813	P98164
P47813	Q9Y6I8
P47813	P67870
P47813	P18545
P47813	Q9HCL2
P47813	Q9P2D1
P47813	Q9UHW9
P47813	Q8NF50
P47813	P09012
P47813	P12319
P47813	P36980
P47813	P32971
P47813	Q6DKI7
P47813	P51668
P47813	Q9BTE3
P47813	P11712
P47813	B2RU33
P47813	Q5JPB2
P47813	Q9H2B2
P47813	Q5VWX1
P47813	Q8WWA0
P47813	O15034
P47813	Q86X24
P47813	P19793
P47813	P78543
P47813	P62745
P47813	Q9H3M7
P47813	Q9C009
P47813	P62805
P47813	Q9UKS7
P47813	Q14524
P47813	P29122
P47813	P54289
P47813	Q9Y6R4
P47813	P11717
P47813	P20648
P47813	Q96MP5
P47813	Q8TF72
P47813	P28566
P47813	Q6J9G0
P47813	Q92636
P47813	Q14004
P47813	Q8WWU5
P47813	Q8NEB9
P47813	O95544
P47813	P10155
P47813	Q9Y6Q9
P47813	P32321
P47813	Q5T0B9
P47813	O60610
P47813	Q99645
P47813	Q9UIF8
P47813	P21453
P47813	P68400
P47813	P54253
P47813	P25963
P47813	P21675
P47813	Q86UL8
P47813	O43451
P47813	Q9UHL0
P47813	P68431
P47813	Q12933
P47813	Q13114
P47813	Q13627
P47813	P12883
P47813	Q3L8U1
P47813	P19022
P47813	Q8NA03
P47813	Q9HCK8
P47813	Q96DT5
P47813	Q9Y6V0
P47813	Q99801
P47813	Q71UI9
P47813	Q8WWA1
P47813	P82921
P47813	P62328
P47813	P28336
P47813	Q9BZA7
P47813	Q8N9E0
P47813	P52790
P47813	Q8WXX0
P47813	O43151
P47813	Q7Z408
P47813	Q9NYC9
P47813	Q8N1I0
P47813	O94916
P47813	P19105
P47813	Q3SX64
P47813	P98160
P47813	O75912
P47813	Q12830
P47813	Q96ST3
P47813	Q9NTI5
P47813	Q8N1F7
P47813	P14316
P47813	O15357
P47813	P29317
P47813	Q08211
P47813	P54252
P47813	Q14865
P47813	P55289
P47813	O95848
P47813	Q86UP3
P47813	P40145
P47813	Q15648
P47813	O00222
P47813	P16415
P47813	Q8NFJ6
P47813	Q14574
P47813	Q9Y6L7
P47813	Q9HCM1
P47813	P09960
P47813	Q9HBJ7
P47813	P23975
P47813	Q13064
P47813	P51681
P47813	P43088
P47813	Q96J02
P47813	Q14674
P47813	P00540
P47813	Q9Y5S2
P47813	Q6ZXV5
P47813	Q8IYI6
P47813	Q6ZRF8
P47813	O15195
P47813	Q9BYT8
P47813	Q8N475
P47813	Q60I27
P47813	Q99965
P47813	Q9Y566
P47813	Q09666
P47813	P21817
P47813	Q9H254
P47813	Q4VC44
P47813	Q9BQQ3
P47813	O15143
P47813	Q86TI4
P47813	Q8WXA8
P47813	P23743
P47813	P14920
P47813	P05155
P47813	Q4VXU2
P47813	Q9H0A0
P47813	Q58A45
P47813	Q6P995
P47813	P53667
P47813	Q13003
P47813	Q8NHQ8
P47813	P43360
P47813	Q8IYB9
P47813	A7KAX9
P47813	P54760
P47813	Q9P2K8
P47813	Q9HCE5
P47813	Q76B58
P47813	P61978
P47813	Q9BTA9
P47813	P53794
P47813	P43003
P47813	Q9H8V3
P47813	Q8WYP5
P47813	Q8IWN7
P47813	P46734
P47813	Q6ZRS2
P47813	Q9GZU2
P47813	Q01959
P47813	Q9Y613
P47813	P06865
P47813	Q92543
P47813	Q05513
P47813	Q9H237
P47813	Q8TE56
P47813	Q9Y5Y9
P47813	Q9UKB5
P47813	Q76N89
P47813	Q2TAY7
P47813	O75311
P47813	Q96RR4
P47813	Q9H2D6
P47813	P27448
P47813	Q9Y484
P47813	Q9H4I8
P47813	P48552
P47813	P16150
P47813	Q5TGY1
P47813	Q14469
P47813	O60229
P47813	Q9ULB1
P47813	Q6ZMR5
P47813	Q5SV97
P47813	Q96FE7
P47813	P55895
P47813	Q8TF21
P47813	Q14573
Q9NS75	P42262
Q9HCK4	Q8WWU5
Q9HCK4	Q7Z6A9
Q9HCK4	P55895
Q9HCK4	P78509
Q9HCK4	Q8TF21
Q9HCK4	Q15878
Q9HCK4	Q7Z442
Q9HCK4	Q2M3G0
Q9HCK4	P29016
Q9HCK4	Q8TD57
Q9HCK4	Q8TCU3
Q9HCK4	Q9UI47
Q9HCK4	P18031
Q9HCK4	P58876
Q9HCK4	P0C0S8
Q9HCK4	Q93077
Q9HCK4	P16885
Q9HCK4	Q86VF2
Q9HCK4	Q63HK5
Q9HCK4	Q2TAZ0
Q9HCK4	O95352
Q9HCK4	O75143
Q9HCK4	Q14573
Q9HCK4	P15822
Q9HCK4	Q13625
Q9HCK4	Q05682
Q9HCK4	P11277
Q9HCK4	O75182
Q9HCK4	Q58EX2
Q9HCK4	O14646
Q9HCK4	P50548
Q9HCK4	P15144
Q9HCK4	Q96JG9
Q9HCK4	Q8IZQ1
Q9HCK4	Q9UQF2
Q9HCK4	Q14119
Q9HCK4	O60512
Q9HCK4	Q9BXM0
Q9HCK4	Q9NRE2
Q9HCK4	P58107
Q9HCK4	Q14669
Q9HCK4	Q99973
Q9HCK4	Q9UH65
Q9HCK4	Q7RTN6
Q9HCK4	Q8N1F8
Q9HCK4	O15020
Q9HCK4	Q92540
Q9HCK4	Q9UPR3
Q9HCK4	Q96Q15
Q9HCK4	Q9NTJ3
Q9HCK4	O95347
Q9HCK4	Q149N8
Q9HCK4	Q9BY12
Q9HCK4	Q9NZL6
Q9HCK4	Q7LDG7
Q9HCK4	O14827
Q9HCK4	Q86XN7
Q9HCK4	Q96JA3
Q9HCK4	Q9P212
Q9HCK4	Q29RF7
Q9HCK4	Q9NXG6
Q9HCK4	Q99466
Q9HCK4	Q6IBW4
Q9HCK4	Q86XI2
Q9HCK4	Q15021
Q9HCK4	Q6ZRQ5
Q9HCK4	Q8IZD2
Q9HCK4	O60307
Q9HCK4	Q96JA1
Q9HCK4	Q8NES3
Q9HCK4	Q8NB78
Q9HCK4	Q96ST2
Q9HCK4	Q96RY7
Q9HCK4	Q9P2P5
Q9HCK4	Q08050
Q9HCK4	Q01167
Q9HCK4	P85037
Q9HCK4	Q9BPY3
Q9HCK4	Q9BQI3
Q9HCK4	O00716
Q9HCK4	Q9Y2E6
Q9HCK4	O00548
Q9HCK4	Q96SD1
Q9HCK4	Q8IWT3
Q9HCK4	Q9UDT6
Q9HCK4	Q7Z460
Q9HCK4	Q9NYQ7
Q9HCK4	Q4KMG0
Q9HCK4	Q9NXV6
Q9HCK4	P15813
Q9HCK4	A5YM72
Q9HCK4	P55201
Q9HCK4	Q9BWV1
Q9HCK4	P98171
Q9HCK4	P15514
Q9HCK4	O75179
Q9HCK4	Q6UB98
Q9HCK4	Q8IY63
Q9HCK4	Q8N187
Q9HCK4	Q5U5Z8
Q9HCK4	Q6EMB2
Q9HCK4	Q9BZF9
Q9HCK4	Q5ST30
Q9HCK4	Q96JP5
Q9HCK4	Q9ULJ6
Q9HCK4	Q86WZ6
Q9HCK4	Q96K58
Q9HCK4	Q8TDN4
Q9HCK4	Q3V6T2
Q9HCK4	Q5VTR2
Q9HCK4	Q96A56
Q9HCK4	Q9H3E2
Q9HCK4	Q9BY07
Q9HCK4	Q8N4M1
Q9HCK4	Q9Y6E7
Q9HCK4	Q9UIV8
Q9HCK4	P16109
Q9HCK4	Q6PCB5
Q9HCK4	P15880
Q9HCK4	Q8WXH6
Q9HCK4	Q86YH6
Q9HCK4	Q9BRP1
Q9HCK4	Q13442
Q9HCK4	Q8NDF8
Q9HCK4	Q8TE49
Q9HCK4	Q8NH53
Q9HCK4	Q96E52
Q9HCK4	A1E959
Q9HCK4	Q9HB63
Q9HCK4	Q3BBV0
Q9HCK4	Q8IZQ8
Q9HCK4	Q9NR99
Q9HCK4	P05164
Q9HCK4	Q8TE76
Q9HCK4	Q8IVH8
Q9HCK4	Q9P2G9
Q9HCK4	P26010
Q9HCK4	O95373
Q9HCK4	Q96CB8
Q9HCK4	P62805
Q9HCK4	P08236
Q9HCK4	P17174
Q9HCK4	Q3T906
Q9HCK4	Q14512
Q9HCK4	Q6J272
Q9HCK4	Q92800
Q9HCK4	P20042
Q9HCK4	Q13620
Q9HCK4	P25940
Q9HCK4	Q969H4
Q9HCK4	Q8TAP6
Q9HCK4	Q96HB5
Q9HCK4	P40123
Q9HCK4	Q9H2M3
Q9HCK4	P25311
Q9HCK4	Q9BQE5
Q9HCK4	Q13705
Q9HCK4	P32856
Q9HCK4	Q03518
Q9HCK4	O60347
Q9HCK4	Q8N4U5
Q9HCK4	Q5VZ19
Q9HCK4	Q99595
Q9HCK4	Q12888
Q9HCK4	Q9ULW0
Q9HCK4	P36406
Q9HCK4	Q3SXZ7
Q9HCK4	Q9UPY6
Q9HCK4	Q9UJW8
Q9HCK4	Q9BX82
Q9HCK4	Q8TF39
Q9HCK4	Q6ZNG0
Q9HCK4	Q5FWF4
Q9HCK4	Q01664
Q9HCK4	Q16650
Q9HCK4	Q8ND04
Q9HCK4	Q86VI4
Q9HCK4	Q9NVX7
Q9HCK4	Q06787
Q9HCK4	P35556
Q9HCK4	Q8TDL5
Q9HCK4	Q15915
Q9HCK4	Q9UPX8
Q9HCK4	Q9BZE0
Q9HCK4	P32519
Q9HCK4	Q14814
Q9HCK4	P17706
Q9HCK4	Q8WUI4
Q9HCK4	Q9NVF7
Q9HCK4	Q9UBT2
Q9HCK4	P31260
Q9HCK4	Q9H2G4
Q9HCK4	O95365
Q9HCK4	Q93009
Q9HCK4	Q9ULG1
Q9HCK4	O94900
Q9HCK4	P15918
Q9HCK4	Q9UEY8
Q9HCK4	P41217
Q9HCK4	P02812
Q96JC4	Q86YR6
Q96JC4	Q92954
Q96JC4	P02549
Q96JC4	Q07283
Q96JC4	P23276
Q96JC4	O60706
Q96JC4	P08123
Q96JC4	Q7Z745
Q96JC4	P59047
Q96JC4	Q16445
Q96JC4	Q99985
Q96JC4	Q13634
Q96JC4	P08183
Q96JC4	P21918
Q96JC4	P04279
Q96JC4	Q6XPS3
Q96JC4	Q9ULB4
Q96JC4	P30988
Q96JC4	Q9H1D0
Q96JC4	Q9BSJ1
Q96JC4	O43704
Q96JC4	P40879
Q96JC4	O14576
Q96JC4	A8MXY4
Q96JC4	P45452
Q96JC4	Q9BX69
Q96JC4	Q08AG5
Q96JC4	O95256
Q96JC4	P43652
Q96JC4	Q6UWM9
Q96JC4	P47870
Q96JC4	P14867
Q96JC4	P02671
Q96JC4	Q6ZUT3
Q96JC4	Q9NYZ4
Q96JC4	Q6PJQ5
Q96JC4	A6QL64
Q96JC4	P09544
Q96JC4	P51884
Q96JC4	Q8HWS3
Q96JC4	O15446
Q96JC4	Q2M2E3
Q96JC4	O14627
Q96JC4	Q9BYG5
Q96JC4	Q9BVK8
Q96JC4	P13612
Q96JC4	Q96HM7
Q96JC4	P21757
Q96JC4	P42677
Q96JC4	O00241
Q96JC4	Q92665
Q96JC4	Q7Z3S9
Q96JC4	P17010
Q96JC4	Q92565
Q96JC4	Q14206
Q96JC4	P0DN37
Q96JC4	Q96AP0
Q96JC4	Q9GZL7
Q96JC4	Q14055
Q96JC4	P49842
Q96JC4	Q8IWP9
Q96JC4	Q15070
Q96JC4	Q9Y6M9
Q96JC4	Q92979
Q96JC4	Q9P0N5
Q96JC4	A6NDS4
Q96JC4	P04899
Q96JC4	O00206
Q96JC4	Q16348
Q96JC4	O60732
Q96JC4	Q96AA8
Q96JC4	Q8TEK3
Q96JC4	O75122
Q96JC4	Q8WUY3
Q96JC4	Q9UKV0
Q96JC4	Q8N9S9
Q96JC4	O75410
Q96JC4	Q15047
Q96JC4	Q9UL16
Q96JC4	Q92736
Q96JC4	Q8IYT8
Q96JC4	Q8N8A6
Q96JC4	Q8IWI9
Q96JC4	Q8IYT2
Q96JC4	Q92963
Q96JC4	Q92729
Q96JC4	Q96PQ7
Q96JC4	Q08209
Q96JC4	Q6VMQ6
Q96JC4	Q15046
Q96JC4	Q8IYD8
Q96JC4	Q13586
Q96JC4	P20936
Q96JC4	O14896
Q96JC4	Q9NRY4
Q96JC4	Q96RG2
Q96JC4	Q32MQ0
Q96JC4	Q9UM47
Q96JC4	Q96IF1
Q96JC4	Q06330
Q96JC4	Q08554
Q96JC4	Q13255
Q96JC4	Q8WWQ0
Q96JC4	Q9NQA5
Q96JC4	Q14146
Q96JC4	Q9HBZ2
Q96JC4	Q6ZNH5
Q96JC4	Q5JR59
Q96JC4	Q9P2N5
Q96JC4	Q8TE12
Q96JC4	Q8IW75
Q96JC4	Q13309
Q96JC4	P08F94
Q96JC4	O43795
Q96JC4	Q99445
Q96JC4	O95180
Q96JC4	Q96NH3
Q96JC4	Q8N1G0
Q96JC4	Q14CM0
Q96JC4	Q96G21
Q96JC4	Q8N5V2
Q96JC4	Q8N349
Q96JC4	Q86SJ6
Q96JC4	P98164
Q96JC4	Q96NW7
Q96JC4	Q7Z7G8
Q96JC4	Q14186
Q96JC4	Q9H4B6
Q96JC4	P02768
Q96JC4	P43355
Q96JC4	Q9Y6I8
Q96JC4	Q13227
Q96JC4	Q86U70
Q96JC4	P67870
Q96JC4	Q8NG75
Q96JC4	P18545
Q96JC4	Q9HCL2
Q96JC4	Q01813
Q96JC4	Q8N1C3
Q96JC4	O14879
Q96JC4	Q9P2D1
Q96JC4	Q8TAA9
Q96JC4	Q9Y6X8
Q96JC4	P04114
Q96JC4	Q96PQ0
Q96JC4	Q9UHW9
Q96JC4	P01024
Q96JC4	Q12852
Q96JC4	Q0VDD8
Q96JC4	Q15751
Q96JC4	Q7Z6E9
Q96JC4	O95714
Q96JC4	P82987
Q96JC4	Q8WZ42
Q96JC4	Q12955
Q96JC4	Q8TDI0
Q96JC4	Q9Y4D7
Q96JC4	P51805
Q96JC4	Q15678
Q96JC4	Q8NF50
Q96JC4	B2RTY4
Q96JC4	Q8WXH0
Q96JC4	Q8TC90
Q96JC4	Q99683
Q96JC4	P80192
Q96JC4	Q9Y2K7
Q96JC4	Q16363
Q96JC4	Q9HAU4
Q96JC4	Q8NGD4
Q96JC4	Q9UN66
Q96JC4	Q8NDV1
Q96JC4	Q96N23
Q96JC4	Q14765
Q96JC4	Q15147
Q96JC4	P51817
Q96JC4	Q9Y6L6
Q96JC4	P30679
Q96JC4	P10645
Q96JC4	Q13283
Q96JC4	Q9H221
Q96JC4	P09012
Q96JC4	P12319
Q96JC4	P36980
Q96JC4	P32971
Q96JC4	P0CG47
Q96JC4	Q9UQN3
Q96JC4	P0DML3
Q96JC4	Q6DKI7
Q96JC4	Q9Y4A8
Q96JC4	P51668
Q96JC4	P36537
Q96JC4	Q9NPI5
Q96JC4	Q9H2A3
Q96JC4	Q9BTE3
Q96JC4	Q15389
Q96JC4	P11712
Q96JC4	Q5T700
Q96JC4	B2RU33
Q96JC4	Q5JPB2
Q96JC4	Q9H2B2
Q96JC4	Q16827
Q96JC4	P05455
Q96JC4	O43916
Q96JC4	Q9NRA2
Q96JC4	Q14DG7
Q96JC4	Q5VWX1
Q96JC4	Q8WWA0
Q96JC4	P59551
Q96JC4	O60218
Q96JC4	Q9H4G4
Q96JC4	P59990
Q96JC4	P50591
Q96JC4	P68431
Q96JC4	P24530
Q96JC4	Q9Y625
Q96JC4	P20585
Q96JC4	P30260
Q96JC4	Q9NPG1
Q96JC4	Q7Z3K6
Q96JC4	O14776
Q96JC4	Q14244
Q96JC4	Q05209
Q96JC4	O15156
Q96JC4	Q9NSD7
Q96JC4	Q9HDB5
Q96JC4	P58401
Q96JC4	O15034
Q96JC4	Q6ZUJ8
Q96JC4	Q07352
Q96JC4	Q13887
Q96JC4	Q86X24
Q96JC4	P19793
Q96JC4	P78543
Q96JC4	P62745
Q96JC4	Q9H3M7
Q96JC4	Q9C009
Q96JC4	Q9H074
Q96JC4	Q9UPR6
Q96JC4	O75914
Q96JC4	P29376
Q96JC4	P08476
Q96JC4	P54756
Q96JC4	Q99624
Q96JC4	O75800
Q96JC4	P62807
Q96JC4	P62805
Q96JC4	Q9UKT9
Q96JC4	Q9UKS7
Q96JC4	P42772
Q96JC4	Q9NWQ8
Q96JC4	Q9H2J7
Q96JC4	P48664
Q96JC4	Q9P283
Q96JC4	Q14524
Q96JC4	Q6ZTQ3
Q96JC4	Q92626
Q96JC4	P05129
Q96JC4	Q16821
Q96JC4	Q9UPQ7
Q96JC4	P29122
Q96JC4	Q9HCL0
Q96JC4	O14917
Q96JC4	Q96QU1
Q96JC4	O14511
Q96JC4	Q9UKX2
Q96JC4	Q9BQA5
Q96JC4	Q16819
Q96JC4	Q86VH4
Q96JC4	Q9H3W5
Q96JC4	Q8TBB5
Q96JC4	P31785
Q96JC4	P33402
Q96JC4	P42263
Q96JC4	Q8IUC8
Q96JC4	Q8IVF7
Q96JC4	Q9NZ56
Q96JC4	P00451
Q96JC4	Q92817
Q96JC4	P42658
Q96JC4	Q92608
Q96JC4	Q92796
Q96JC4	Q96QB1
Q96JC4	Q96NX9
Q96JC4	Q7L576
Q96JC4	P20908
Q96JC4	O94779
Q96JC4	P54289
Q96JC4	O60312
Q96JC4	Q6H8Q1
Q96JC4	Q8IZY2
Q96JC4	O94991
Q96JC4	Q96JF0
Q96JC4	Q9H295
Q96JC4	Q92752
Q96JC4	Q14966
Q96JC4	Q9Y6R4
Q96JC4	Q9BYE9
Q96JC4	P32249
Q96JC4	P46059
Q96JC4	Q86UP0
Q96JC4	P32970
Q96JC4	Q8WZ60
Q96JC4	P19256
Q96JC4	Q9NV96
Q96JC4	Q02556
Q96JC4	Q02080
Q96JC4	Q14344
Q96JC4	P14921
Q96JC4	Q9NYQ8
Q96JC4	O15075
Q96JC4	Q9C0I4
Q96JC4	Q9UQ26
Q96JC4	Q8N9L1
Q96JC4	P10071
Q96JC4	P07996
Q96JC4	Q92542
Q96JC4	Q92585
Q96JC4	P11717
Q96JC4	Q9HC56
Q96JC4	Q8NG06
Q96JC4	Q8IUG5
Q96JC4	Q68D86
Q96JC4	P20648
Q96JC4	Q12860
Q96JC4	Q96MP5
Q96JC4	Q8TF72
Q96JC4	P28566
Q96JC4	Q9UK58
Q96JC4	Q99578
Q96JC4	Q9UK59
Q96JC4	O43149
Q96JC4	P11532
Q96JC4	Q6J9G0
Q96JC4	Q9NYA1
Q96JC4	Q9BYK8
Q96JC4	Q92636
Q96JC4	Q96JN8
Q96JC4	P10243
Q96JC4	O95202
Q96JC4	P51114
Q96JC4	P17948
Q96JC4	Q02413
Q96JC4	Q14004
Q96JC4	Q9P2N4
Q96JC4	Q68DX3
Q96JC4	Q99999
Q96JC4	Q86V15
Q96JC4	Q8WWU5
Q96JC4	Q9H310
Q96JC4	Q8N511
Q96JC4	Q9UKP5
Q96JC4	Q14094
Q96JC4	Q92834
Q96JC4	Q8NEB9
Q96JC4	Q02962
Q96JC4	Q86YZ3
Q96JC4	O60269
Q96JC4	P42262
Q96JC4	Q6PL18
Q96JC4	P04229
Q96JC4	Q9UKK3
Q96JC4	P17035
Q96JC4	O94898
Q96JC4	P09382
Q96JC4	P25774
Q96JC4	O94805
Q96JC4	O95544
Q96JC4	P10155
Q96JC4	P38159
Q96JC4	Q9Y6Q9
Q96JC4	P32321
Q96JC4	P41271
Q96JC4	Q5T0B9
Q96JC4	Q14676
Q96JC4	O60610
Q96JC4	Q16787
Q96JC4	O94972
Q96JC4	Q5S007
Q96JC4	Q9NRH2
Q96JC4	Q9H4A3
Q96JC4	Q38SD2
Q96JC4	P46934
Q96JC4	P34932
Q96JC4	Q9BYE2
Q96JC4	Q9UQ52
Q96JC4	Q6ZPD9
Q96JC4	O75354
Q96JC4	Q49A26
Q96JC4	O60673
Q96JC4	A6NEK1
Q96JC4	O94921
Q96JC4	Q8N1N5
Q96JC4	Q14576
Q96JC4	Q99645
Q96JC4	Q13568
Q96JC4	Q9Y2X3
Q96JC4	Q96RI1
Q96JC4	P62841
Q96JC4	P20226
Q96JC4	Q5TYW1
Q96JC4	Q8IW41
Q96JC4	Q15334
Q96JC4	P13611
Q96JC4	Q99715
Q96JC4	Q9UIF8
Q96JC4	Q04609
Q96JC4	A8MVW5
Q96JC4	Q9UKU6
Q96JC4	A0AVT1
Q96JC4	Q8TC71
Q96JC4	P07814
Q96JC4	A6PVS8
Q96JC4	P47974
Q96JC4	P21453
Q96JC4	O00329
Q96JC4	P68400
Q96JC4	P54253
Q96JC4	P06241
Q96JC4	P48729
Q96JC4	Q31612
Q96JC4	Q7Z5L9
Q96JC4	Q9Y5A9
Q96JC4	Q9NP56
Q96JC4	Q86UR1
Q96JC4	Q04206
Q96JC4	P25963
Q96JC4	O15229
Q96JC4	O75962
Q96JC4	Q96JH8
Q96JC4	Q15149
Q96JC4	O60494
Q96JC4	Q8NDH2
Q96JC4	A5YKK6
Q96JC4	Q9UHV7
Q96JC4	O75881
Q96JC4	O95294
Q96JC4	O75445
Q96JC4	Q9ULT8
Q96JC4	Q9UHC1
Q96JC4	O43196
Q96JC4	P21675
Q96JC4	Q92995
Q96JC4	Q13936
Q96JC4	Q9BXT5
Q96JC4	Q8IVF2
Q96JC4	Q7Z5N4
Q96JC4	Q8N7X1
Q96JC4	P22459
Q96JC4	Q86UL8
Q96JC4	Q7Z2K8
Q96JC4	Q92824
Q96JC4	Q96D42
Q96JC4	Q8NGX2
Q96JC4	P12036
Q96JC4	Q9H0U6
Q96JC4	Q96JK9
Q96JC4	O75592
Q96JC4	P07948
Q96JC4	Q93008
Q96JC4	P60842
Q96JC4	Q15139
Q96JC4	P02462
Q96JC4	O43529
Q96JC4	Q9NZU5
Q96JC4	O94823
Q96JC4	Q9P2E5
Q96JC4	O43451
Q96JC4	Q9C0F0
Q96JC4	Q8NHQ9
Q96JC4	Q5H9U9
Q96JC4	Q7L2E3
Q96JC4	Q96C10
Q96JC4	P09086
Q96JC4	P16402
Q96JC4	Q96D96
Q96JC4	P21281
Q96JC4	Q9ULD9
Q96JC4	P10412
Q96JC4	Q92985
Q96JC4	Q00839
Q96JC4	Q3ZAQ7
Q96JC4	P0C0S8
Q96JC4	P16401
Q96JC4	O60814
Q96JC4	Q16777
Q96JC4	Q9C0E2
Q96JC4	P46736
Q96JC4	Q12933
Q96JC4	Q9UIF9
Q96JC4	P62873
Q96JC4	B9A064
Q96JC4	Q13114
Q96JC4	Q14320
Q96JC4	Q9UBU9
Q96JC4	Q13627
Q96JC4	Q9Y3Z3
Q96JC4	P11161
Q96JC4	P12883
Q96JC4	P62277
Q96JC4	Q8N5C8
Q96JC4	Q9UP38
Q96JC4	Q04446
Q96JC4	Q92743
Q96JC4	Q8NEY1
Q96JC4	Q8IVL0
Q96JC4	Q05397
Q96JC4	O00410
Q96JC4	P20929
Q96JC4	Q3L8U1
Q96JC4	Q9UHA7
Q96JC4	P19022
Q96JC4	Q8NA03
Q96JC4	P62070
Q96JC4	P10301
Q96JC4	Q9HCK8
Q96JC4	Q8NF91
Q96JC4	Q96DT5
Q96JC4	Q9Y6V0
Q96JC4	Q99801
Q96JC4	Q71UI9
Q96JC4	Q8IWZ4
Q96JC4	P19404
Q96JC4	Q3SY46
Q96JC4	Q8WWA1
Q96JC4	P82921
Q96JC4	Q6QAJ8
Q96JC4	O60315
Q96JC4	Q96P20
Q96JC4	P46013
Q96JC4	Q9Y2J2
Q96JC4	P48736
Q96JC4	Q86YW9
Q96JC4	Q86WI3
Q96JC4	Q01151
Q96JC4	P62328
Q96JC4	P28336
Q96JC4	Q6UWP8
Q96JC4	Q7L2R6
Q96JC4	Q93079
Q96JC4	Q2M385
Q96JC4	Q9BZA7
Q96JC4	O60844
Q96JC4	Q8N9E0
Q96JC4	Q07954
Q96JC4	P52790
Q96JC4	Q96PN7
Q96JC4	Q9UQE7
Q96JC4	Q7Z4N2
Q96JC4	P35568
Q96JC4	Q8WXX0
Q96JC4	Q9H251
Q96JC4	Q9P225
Q96JC4	Q96PZ7
Q96JC4	Q9Y4X5
Q96JC4	O43151
Q96JC4	O60341
Q96JC4	P49454
Q96JC4	P04150
Q96JC4	Q04724
Q96JC4	P09038
Q96JC4	Q9NQV7
Q96JC4	Q9Y5K5
Q96JC4	Q7Z408
Q96JC4	Q9UJY1
Q96JC4	P51178
Q96JC4	Q6UVK1
Q96JC4	Q02388
Q96JC4	P80370
Q96JC4	Q03167
Q96JC4	Q9NYC9
Q96JC4	Q8N1I0
Q96JC4	Q13905
Q96JC4	Q9H4D0
Q96JC4	O75923
Q96JC4	Q7Z6Z7
Q96JC4	P20333
Q96JC4	O94916
Q96JC4	Q5UE93
Q96JC4	Q8WYR1
Q96JC4	Q99570
Q96JC4	Q01201
Q96JC4	Q8IUC4
Q96JC4	Q8TC84
Q96JC4	Q9UNI1
Q96JC4	Q9Y6R9
Q96JC4	Q99677
Q96JC4	P19105
Q96JC4	Q8NDV7
Q96JC4	O94986
Q96JC4	Q86TW2
Q96JC4	Q6DT37
Q96JC4	Q4G0P3
Q96JC4	Q3SX64
Q96JC4	P98160
Q96JC4	P20930
Q96JC4	Q96RW7
Q96JC4	Q9P0K1
Q96JC4	P78347
Q96JC4	Q9BXU1
Q96JC4	O75912
Q96JC4	P54764
Q96JC4	Q8TE60
Q96JC4	Q8IZX4
Q96JC4	Q8NEK8
Q96JC4	Q9UPN3
Q96JC4	Q8WWZ4
Q96JC4	Q6ZN30
Q96JC4	O95677
Q96JC4	Q6P1J6
Q96JC4	Q9HCK5
Q96JC4	P82279
Q96JC4	Q99650
Q96JC4	O94759
Q96JC4	Q9H0M0
Q96JC4	O60481
Q96JC4	Q6ZT12
Q96JC4	Q4G148
Q96JC4	Q9NYT6
Q96JC4	Q9UHP3
Q96JC4	Q6WRI0
Q96JC4	Q9UJM3
Q96JC4	Q12830
Q96JC4	Q9H0E9
Q96JC4	P01344
Q96JC4	Q15583
Q96JC4	Q9HC78
Q96JC4	Q13813
Q96JC4	Q07889
Q96JC4	Q9H6I2
Q96JC4	P28370
Q96JC4	Q96ST3
Q96JC4	Q15637
Q96JC4	O95104
Q96JC4	P51812
Q96JC4	Q6ZNA4
Q96JC4	Q15382
Q96JC4	P35251
Q96JC4	P06454
Q96JC4	A2A3K4
Q96JC4	O00411
Q96JC4	O00459
Q96JC4	Q9NTI5
Q96JC4	P06401
Q96JC4	Q8N1F7
Q96JC4	Q8WUM0
Q96JC4	Q6KC79
Q96JC4	Q8NC56
Q96JC4	O95835
Q96JC4	Q9NRM7
Q96JC4	Q8N1A0
Q96JC4	Q9UMN6
Q96JC4	Q12756
Q96JC4	Q7Z3B3
Q96JC4	P14316
Q96JC4	O15357
Q96JC4	P14210
Q96JC4	Q6NXT2
Q96JC4	O15399
Q96JC4	Q9Y261
Q96JC4	P29317
Q96JC4	P68104
Q96JC4	P13639
Q96JC4	O60879
Q96JC4	Q08211
Q96JC4	Q96EP5
Q96JC4	Q9UI36
Q96JC4	Q13616
Q96JC4	O75534
Q96JC4	Q68CJ9
Q96JC4	Q12873
Q96JC4	Q5RIA9
Q96JC4	O00555
Q96JC4	Q9NPI1
Q96JC4	O43521
Q96JC4	P54252
Q96JC4	Q14865
Q96JC4	Q5D1E8
Q96JC4	Q6PEW1
Q96JC4	P52736
Q96JC4	P33981
Q96JC4	P35325
Q96JC4	P21246
Q96JC4	Q86U44
Q96JC4	Q14152
Q96JC4	Q7Z3I7
Q96JC4	P55289
Q96JC4	Q9P2A4
Q96JC4	Q8N162
Q96JC4	Q6GMR7
Q96JC4	Q96G61
Q96JC4	Q9UBF1
Q96JC4	Q96T51
Q96JC4	Q8TF74
Q96JC4	O95848
Q96JC4	Q9BU79
Q96JC4	O94933
Q96JC4	A4D1E1
Q96JC4	Q86UP3
Q96JC4	P40145
Q96JC4	Q15648
Q96JC4	Q8NHW3
Q96JC4	Q9ULJ8
Q96JC4	Q8NC67
Q96JC4	O00222
Q96JC4	Q8N6M5
Q96JC4	Q9UPZ6
Q96JC4	Q6ZWB6
Q96JC4	Q99569
Q96JC4	P58397
Q96JC4	Q06413
Q96JC4	P16415
Q96JC4	Q86UE6
Q96JC4	Q8NFJ6
Q96JC4	P17658
Q96JC4	B0I1T2
Q96JC4	P09429
Q96JC4	P62993
Q96JC4	Q5XUX0
Q96JC4	Q99956
Q96JC4	Q8TDC3
Q96JC4	Q9HD36
Q96JC4	O75665
Q96JC4	Q15714
Q96JC4	Q96EF0
Q96JC4	Q9Y5W3
Q96JC4	Q14574
Q96JC4	Q12882
Q96JC4	Q9Y6L7
Q96JC4	Q8TD91
Q96JC4	Q16829
Q96JC4	Q96JQ0
Q96JC4	Q9HCM1
Q96JC4	O43823
Q96JC4	P35680
Q96JC4	Q8NHM5
Q96JC4	Q86XL3
Q96JC4	P16671
Q96JC4	P54296
Q96JC4	Q15172
Q96JC4	Q8N9B8
Q96JC4	P01009
Q96JC4	Q9H900
Q96JC4	Q9NWV8
Q96JC4	Q5SZK8
Q96JC4	P09960
Q96JC4	Q9UPS8
Q96JC4	P60953
Q96JC4	Q5SW79
Q96JC4	Q9Y5T5
Q96JC4	O43741
Q96JC4	Q8NFT8
Q96JC4	P32239
Q96JC4	Q9H3M9
Q96JC4	Q9HBJ7
Q96JC4	Q13569
Q96JC4	Q9Y458
Q96JC4	P23975
Q96JC4	P13667
Q96JC4	P56975
Q96JC4	Q13064
Q96JC4	Q86VH2
Q96JC4	Q5T1H1
Q96JC4	P51681
Q96JC4	P35414
Q96JC4	P30307
Q96JC4	P01583
Q96JC4	P51948
Q96JC4	Q5SGD2
Q96JC4	O00463
Q96JC4	P43088
Q96JC4	Q9NWZ3
Q96JC4	Q969P5
Q96JC4	Q96J02
Q96JC4	Q96KP1
Q96JC4	P51955
Q96JC4	Q14674
Q96JC4	Q01484
Q96JC4	Q8TD26
Q96JC4	Q8TBC3
Q96JC4	Q04727
Q96JC4	P18054
Q96JC4	Q12796
Q96JC4	Q9Y2L1
Q96JC4	Q9Y5V3
Q96JC4	Q14289
Q96JC4	P42356
Q96JC4	Q04912
Q96JC4	P00540
Q96JC4	P21709
Q96JC4	P18583
Q96JC4	Q92576
Q96JC4	Q8NEV8
Q96JC4	Q9Y623
Q96JC4	Q9UKA4
Q96JC4	Q9Y5S2
Q96JC4	Q5VTT5
Q96JC4	Q6Y7W6
Q96JC4	Q8WY21
Q96JC4	Q8N0W3
Q96JC4	Q9BWT7
Q96JC4	O15440
Q96JC4	P78357
Q96JC4	Q6ZXV5
Q96JC4	Q8IWA0
Q96JC4	P35711
Q96JC4	Q9C0B2
Q96JC4	Q8IYI6
Q96JC4	Q9Y592
Q96JC4	Q08AH1
Q96JC4	Q2T9J0
Q96JC4	P04424
Q96JC4	Q6ZRF8
Q96JC4	Q6P4A7
Q96JC4	Q8NH43
Q96JC4	P01584
Q96JC4	O75340
Q96JC4	O75691
Q96JC4	P04275
Q96JC4	Q12802
Q96JC4	Q8TCU4
Q96JC4	Q8N2C7
Q96JC4	Q13023
Q96JC4	Q96S15
Q96JC4	O15195
Q96JC4	P26368
Q96JC4	Q12816
Q96JC4	Q8N394
Q96JC4	O60603
Q96JC4	O43610
Q96JC4	Q9UNH6
Q96JC4	Q6U841
Q96JC4	Q07955
Q96JC4	O00237
Q96JC4	Q14699
Q96JC4	O43490
Q96JC4	P16471
Q96JC4	Q8WVV4
Q96JC4	Q8IXK0
Q96JC4	Q9BYT8
Q96JC4	Q86TE4
Q96JC4	Q14722
Q96JC4	P11488
Q96JC4	Q8N475
Q96JC4	Q9C073
Q96JC4	P54762
Q96JC4	Q9Y4J8
Q96JC4	P20853
Q96JC4	Q9BXS0
Q96JC4	Q9BZC1
Q96JC4	Q9P2N2
Q96JC4	Q60I27
Q96JC4	Q99965
Q96JC4	Q9HCE0
Q96JC4	Q6ZV29
Q96JC4	Q86VV8
Q96JC4	Q9Y566
Q96JC4	Q7Z570
Q96JC4	Q09666
Q96JC4	P21817
Q96JC4	Q9H254
Q96JC4	Q6SJ93
Q96JC4	Q14999
Q96JC4	Q8WXK1
Q96JC4	Q4VC44
Q96JC4	Q9P289
Q96JC4	Q9Y512
Q96JC4	Q9BQQ3
Q96JC4	Q9UG63
Q96JC4	Q5SNT2
Q96JC4	O14681
Q96JC4	Q9UBQ7
Q96JC4	Q9BXT4
Q96JC4	P36402
Q96JC4	Q8N157
Q96JC4	O15143
Q96JC4	Q9NUZ1
Q96JC4	Q86TI4
Q96JC4	O43760
Q96JC4	Q8IWV7
Q96JC4	Q8WXA8
Q96JC4	Q9BY11
Q96JC4	P23743
Q96JC4	P14920
Q96JC4	P34931
Q96JC4	P35610
Q96JC4	P45974
Q96JC4	P19827
Q96JC4	Q01968
Q96JC4	O14733
Q96JC4	Q8IWB6
Q96JC4	Q9BXP5
Q96JC4	P35462
Q96JC4	P30414
Q96JC4	O60506
Q96JC4	P05155
Q96JC4	Q9BY84
Q96JC4	P42695
Q96JC4	Q96S59
Q96JC4	Q4VXU2
Q96JC4	Q9HCE1
Q96JC4	Q9H0A0
Q96JC4	P10244
Q96JC4	Q8WYL5
Q96JC4	Q9UK53
Q96JC4	Q58A45
Q96JC4	Q7KZI7
Q96JC4	Q86Y56
Q96JC4	Q9NTZ6
Q96JC4	Q6P995
Q96JC4	P43026
Q96JC4	Q04759
Q96JC4	P53667
Q96JC4	P35612
Q96JC4	Q09327
Q96JC4	Q5VST9
Q96JC4	Q92953
Q96JC4	Q96A19
Q96JC4	O75129
Q96JC4	Q86UQ4
Q96JC4	Q9NZJ4
Q96JC4	Q9NSC2
Q96JC4	P35442
Q96JC4	P16615
Q96JC4	Q92945
Q96JC4	Q9HCK1
Q96JC4	Q9Y232
Q96JC4	Q9NRQ2
Q96JC4	Q13003
Q96JC4	Q7Z4S6
Q96JC4	Q8NHQ8
Q96JC4	Q12926
Q96JC4	Q9UPW6
Q96JC4	P08572
Q96JC4	Q14C87
Q96JC4	Q08828
Q96JC4	O15394
Q96JC4	P12107
Q96JC4	Q2M3C7
Q96JC4	Q9UQP3
Q96JC4	P55000
Q96JC4	O60741
Q96JC4	Q13748
Q96JC4	O15090
Q96JC4	Q9H0I9
Q96JC4	Q7Z6R9
Q96JC4	O00358
Q96JC4	O94813
Q96JC4	Q14542
Q96JC4	O75170
Q96JC4	Q9BXA9
Q96JC4	P12821
Q96JC4	Q92526
Q96JC4	Q9Y334
Q96JC4	O60518
Q96JC4	O95954
Q96JC4	P23527
Q96JC4	P01375
Q96JC4	P31327
Q96JC4	Q05923
Q96JC4	O95136
Q96JC4	P78539
Q96JC4	O95185
Q96JC4	Q9NRA1
Q96JC4	Q92777
Q96JC4	Q8IV76
Q96JC4	P49459
Q96JC4	P60709
Q96JC4	Q9Y235
Q96JC4	O14672
Q96JC4	O60333
Q96JC4	O14924
Q96JC4	Q96NB3
Q96JC4	Q9UHJ9
Q96JC4	O43310
Q96JC4	P01213
Q96JC4	Q9Y2R2
Q96JC4	P51816
Q96JC4	Q8NA75
Q96JC4	O15374
Q96JC4	Q8IZF0
Q96JC4	P43360
Q96JC4	Q9H2F5
Q96JC4	Q8N8Q9
Q96JC4	Q8IYB9
Q96JC4	O75037
Q96JC4	Q96L93
Q96JC4	O75051
Q96JC4	Q86WS3
Q96JC4	P78504
Q96JC4	P12034
Q96JC4	Q9BZ76
Q96JC4	P49761
Q96JC4	Q8IVW6
Q96JC4	A7KAX9
Q96JC4	Q96RT7
Q96JC4	P17861
Q96JC4	Q8NDV3
Q96JC4	O00220
Q96JC4	Q13164
Q96JC4	Q9Y2U8
Q96JC4	P54760
Q96JC4	Q9P2K8
Q96JC4	Q9HCF6
Q96JC4	Q6UXE8
Q96JC4	Q6UXI9
Q96JC4	O95067
Q96JC4	P98066
Q96JC4	P19961
Q96JC4	Q96PE3
Q96JC4	Q9H307
Q96JC4	Q6IQ21
Q96JC4	Q9H159
Q96JC4	Q9UPQ0
Q96JC4	P31268
Q96JC4	Q9HCE5
Q96JC4	P32754
Q96JC4	Q76B58
Q96JC4	P61978
Q96JC4	Q9UJV9
Q96JC4	Q9BTA9
Q96JC4	O14745
Q96JC4	Q8N490
Q96JC4	P53794
Q96JC4	Q6P996
Q96JC4	P11177
Q96JC4	Q8TF44
Q96JC4	O14807
Q96JC4	P43003
Q96JC4	Q9H8V3
Q96JC4	Q03113
Q96JC4	Q9H1J7
Q96JC4	O95750
Q96JC4	Q00613
Q96JC4	P41743
Q96JC4	O95619
Q96JC4	Q8WYP5
Q96JC4	Q8IWN7
Q96JC4	O14977
Q96JC4	Q96JM4
Q96JC4	Q9ULD4
Q96JC4	P05181
Q96JC4	P46734
Q96JC4	P00325
Q96JC4	Q6ZRS2
Q96JC4	Q96LA6
Q96JC4	P35575
Q96JC4	Q6Q759
Q96JC4	Q9UL01
Q96JC4	Q92556
Q96JC4	P49418
Q96JC4	Q8IVG5
Q96JC4	P24043
Q96JC4	O14777
Q96JC4	Q9GZU2
Q96JC4	A4UGR9
Q96JC4	Q9C000
Q96JC4	Q9Y485
Q96JC4	P51798
Q96JC4	P16112
Q96JC4	Q01638
Q96JC4	P12259
Q96JC4	Q06278
Q96JC4	Q8IYW5
Q96JC4	Q9Y2C9
Q96JC4	Q8IXS8
Q96JC4	P19012
Q96JC4	O60281
Q96JC4	P17643
Q96JC4	P12111
Q96JC4	Q9Y274
Q96JC4	O75762
Q96JC4	Q01959
Q96JC4	P33897
Q96JC4	Q5VU65
Q96JC4	Q9NS37
Q96JC4	Q9UNE0
Q96JC4	Q9Y613
Q96JC4	Q9H1C3
Q96JC4	P24394
Q96JC4	P13646
Q96JC4	Q01538
Q96JC4	Q5JR12
Q96JC4	P01135
Q96JC4	Q8N431
Q96JC4	Q9BVS4
Q96JC4	P06213
Q96JC4	P06865
Q96JC4	Q70CQ4
Q96JC4	O15321
Q96JC4	Q96JM2
Q96JC4	O15062
Q96JC4	P14543
Q96JC4	Q13576
Q96JC4	Q9P241
Q96JC4	Q4AC94
Q96JC4	Q9HC77
Q96JC4	Q8WUD6
Q96JC4	Q99829
Q96JC4	Q8TEY5
Q96JC4	P49238
Q96JC4	Q6L9T8
Q96JC4	Q13098
Q96JC4	Q9H095
Q96JC4	P19878
Q96JC4	P42898
Q96JC4	O95428
Q96JC4	O15067
Q96JC4	Q969N2
Q96JC4	Q9BZ72
Q96JC4	Q96CW6
Q96JC4	Q86US8
Q96JC4	Q92543
Q96JC4	P22735
Q96JC4	O60602
Q96JC4	P18428
Q96JC4	Q9NR96
Q96JC4	Q9NYK1
Q96JC4	Q9Y4K3
Q96JC4	Q8N5D0
Q96JC4	P41235
Q96JC4	P35348
Q96JC4	P62508
Q96JC4	Q9NR48
Q96JC4	Q96MF7
Q96JC4	Q9P2B2
Q96JC4	O15350
Q96JC4	Q8IZH2
Q96JC4	Q8IZT6
Q96JC4	P21462
Q96JC4	Q6ZU35
Q96JC4	Q14974
Q96JC4	Q8N2S1
Q96JC4	P08069
Q96JC4	Q8N122
Q96JC4	Q9UBC3
Q96JC4	O14965
Q96JC4	Q9UHD2
Q96JC4	Q9UF33
Q96JC4	Q6PI26
Q96JC4	Q07820
Q96JC4	Q92769
Q96JC4	P38570
Q96JC4	Q05707
Q96JC4	Q14694
Q96JC4	P55290
Q96JC4	Q96L91
Q96JC4	Q8IVV2
Q96JC4	P36897
Q96JC4	Q8IWV2
Q96JC4	Q03181
Q96JC4	P43354
Q96JC4	O75807
Q96JC4	Q6P1N0
Q96JC4	O75113
Q96JC4	Q8WV24
Q96JC4	P11047
Q96JC4	Q05513
Q96JC4	Q9H237
Q96JC4	O95837
Q96JC4	Q9UMX3
Q96JC4	Q96JP9
Q96JC4	Q8TE56
Q96JC4	Q9UHP6
Q96JC4	P78410
Q96JC4	P06899
Q96JC4	Q9Y5Y9
Q96JC4	O60285
Q96JC4	Q9Y614
Q96JC4	Q9UKB5
Q96JC4	Q76N89
Q96JC4	O43897
Q96JC4	Q504Y0
Q96JC4	Q2TAY7
Q96JC4	O75064
Q96JC4	Q86XU0
Q96JC4	O75311
Q96JC4	Q9NP71
Q96JC4	P98198
Q96JC4	Q96RR4
Q96JC4	Q9H2D6
Q96JC4	Q6ZN28
Q96JC4	Q9Y6J0
Q96JC4	Q9P2D7
Q96JC4	Q9NRC6
Q96JC4	P01266
Q96JC4	Q92766
Q96JC4	Q14498
Q96JC4	Q6P2E9
Q96JC4	P27448
Q96JC4	Q9Y484
Q96JC4	Q9H4I8
Q96JC4	Q63HM1
Q96JC4	P48552
Q96JC4	Q5VUB5
Q96JC4	Q6XYQ8
Q96JC4	Q86UR5
Q96JC4	Q15544
Q96JC4	Q9UIS9
Q96JC4	Q8TEW0
Q96JC4	P16150
Q96JC4	Q8TE77
Q96JC4	Q96RU2
Q96JC4	Q5TGY1
Q96JC4	Q14469
Q96JC4	O60229
Q96JC4	O15018
Q96JC4	Q9UPV9
Q96JC4	Q9ULK4
Q96JC4	O75362
Q96JC4	P35221
Q96JC4	P50052
Q96JC4	Q7Z3T1
Q96JC4	Q86UK5
Q96JC4	Q8N4N8
Q96JC4	Q9UHF7
Q96JC4	Q9Y6F6
Q96JC4	Q9ULB1
Q13469	Q8TF72
P08575	P07996
P52333	Q9NV96
Q13191	Q9H295
P22626	Q96QB1
P32248	P31785
P15498	P29122
P15498	P06899
P15498	Q9P2D7
P15498	Q92766
P15498	Q9Y484
P15498	P16150
P15498	Q14119
P15498	Q96Q15
P15498	Q9NTJ3
P15498	Q96SD1
P15498	Q9UDT6
P15498	Q8NDF8
P15498	Q8TE49
P51679	Q15070
P51679	Q16348
P51679	Q92729
P51679	Q8NG75
P51679	P42772
P51679	P48664
P51679	P11532
P51679	Q14094
P51679	Q99645
P51679	P68431
P51679	Q8IW41
P51679	Q04609
P51679	Q9Y5A9
P51679	Q86UR1
P51679	P09086
P51679	P16402
P51679	Q4G0P3
P51679	Q96T51
P51679	P00540
P51679	Q08AH1
P51679	Q8WXK1
P51679	O15394
P51679	Q9C000
P51679	P33897
P51679	P49238
P51679	Q6ZU35
P05771	P29376
P21580	Q07352
O14920	Q9NPG1
Q99996	Q8WWA0
Q8NFG4	P11712
P42773	P0CG47
P40692	Q15147
Q9C0K0	Q8TC90
Q9Y6X0	O95714
P35579	Q9P2D1
Q14683	P43355
P49802	Q14CM0
P26038	Q5JR59
Q16633	Q32MQ0
Q06187	Q92729
P11309	Q9UKV0
P42226	Q92979
Q4VC05	P17010
Q4VC05	P01375
Q4VC05	Q9Y2R2
Q4VC05	O15374
Q4VC05	Q8N8Q9
Q4VC05	Q8IVW6
Q4VC05	A4UGR9
Q4VC05	P17643
Q4VC05	P12111
Q4VC05	Q13098
Q4VC05	Q05707
Q4VC05	Q14694
Q4VC05	Q7LDG7
Q4VC05	Q99466
Q4VC05	Q9BQI3
Q4VC05	A1E959
P61073	Q5TA78
P61073	Q9BVK8
P61073	Q96NW7
P61073	Q96PQ0
P61073	Q9Y4A8
P61073	P51668
P61073	P11712
P61073	B2RU33
P61073	O43916
P61073	Q7Z3K6
P61073	Q14244
P61073	Q9H3W5
P61073	Q8TBB5
P61073	Q8NG06
P61073	O75354
P61073	Q16777
P61073	Q8IUC4
P61073	Q8IZX4
P61073	O15357
P61073	Q9Y6L7
P61073	Q60I27
P61073	Q9UG63
P61073	P05155
P61073	Q9HCK1
Q99607	P14867
Q01844	O43704
Q13489	Q16445
Q13489	P41217
O00221	Q8WUI4
Q15696	Q86VI4
P23769	P36406
Q9UQQ2	Q9BQE5
P21333	Q6J272
P10276	Q8TE76
P08922	Q13442
Q96K83	Q9H3E2
Q15911	Q6EMB2
P55287	P15813
Q9Y5W5	Q9BQI3
Q9NQC7	O60307
P41212	Q86XN7
P29590	O15020
P19544	Q9UQF2
P49715	P15822
O75081	P18031
P11274	Q7Z6A9
Q01130	P78552
P47813	O95256
Q4VC05	Q92543
Q9NQB0	Q14722
P27037	Q9H095
O43791	Q13905
P21860	Q8TEY5
P22607	O15374
P22607	P19012
P30281	Q16348
P30281	Q13023
P22455	Q9HBZ2
P09619	Q7Z745
P35916	Q9BXT4
Q9NUX5	Q8N8Q9
Q9NUX5	Q9P2D7
Q9NUX5	Q01167
P01106	B2RTY4
P01106	Q68D86
P01106	Q8NC56
P01106	Q5SW79
O43283	Q96L93
O43283	Q9H1C3
O43283	Q9NYK1
Q13233	Q6UWM9
Q13233	Q16363
Q13233	Q8N1N5
Q13233	Q9UHV7
Q13233	O60281
Q13233	P55201
P45985	Q38SD2
P45985	Q9NP56
P46527	P32754
P46527	P41743
P46527	Q9UIS9
P46527	P05164
P46527	Q14814
P31751	Q9HCL0
P31751	O14917
P31751	Q9BYE2
P31751	P82921
P26358	Q8NDF8
P50148	Q8WXH0
P50148	Q9BY07
P29992	Q7Z6E9
P52333	Q9UMN6
P52333	P35711
P42773	Q9BY12
P49715	Q96N23
Q14839	P00451
Q14839	Q96MP5
Q14839	Q9Y6V0
Q14839	Q99677
Q14839	P0C0S8
Q14839	Q969N2
O43791	Q6ZUJ8
O43791	P60842
O43791	Q9C0F0
O43791	Q3SY46
O43791	Q6NXT2
O43791	P00540
O43791	P78504
O43791	Q9GZU2
O43791	Q9Y274
O43791	Q8TEW0
O43791	O75362
O43791	Q2M3G0
O43791	Q8IZQ1
P78333	Q15046
P13746	P19793
Q16288	P54760
P26232	Q9Y4K3
P26232	Q9NR48
P26232	Q9NVX7
Q9Y6N8	P09382
Q9Y6N8	P55289
P12830	O60333
P12830	P55201
P12830	P25311
P12830	Q93009
P35268	Q6U841
Q04721	O94813
Q02535	Q9UPX8
Q86XK2	Q8N9L1
Q86XK2	Q16829
Q86XK2	Q12796
O75376	P43360
O43283	Q68CJ9
O43283	O60333
Q13233	Q5SW79
Q13233	Q05923
O15297	Q86UR5
P10242	Q9Y566
P10242	Q6EMB2
Q8IZL2	P62277
Q8IZL2	Q99801
Q8IZL2	Q9BZA7
Q9BZK7	P51948
Q9BZK7	Q9Y334
Q9BZK7	Q14119
Q9UIF7	Q15678
P47813	O60732
P47813	Q92752
P47813	Q6PL18
P22626	O75923
P26038	Q2M3G0
Q99607	P12107
Q99607	O95837
Q96K83	Q9Y6X8
Q15911	P35711
Q15911	Q2T9J0
Q15911	Q96JM2
P55287	Q92665
P55287	O60610
Q8TDW7	P48736
Q9HBU6	Q71UI9
Q13948	Q3L8U1
Q8IWS0	P12883
Q76L83	P46736
P42680	Q9ULD9
Q9UDY8	O43451
Q08881	Q96JK9
O15315	Q8IVF2
Q9UPS6	Q9UHV7
Q6P1J9	Q9NP56
P11940	A6PVS8
P43405	Q8IW41
P53675	Q8N1N5
Q03164	Q38SD2
Q9Y2W1	Q9Y6Q9
Q99081	P04229
O60216	Q8N511
O75475	O95202
O75417	Q9UK58
Q07864	Q92585
Q07864	O00329
P54278	Q02080
P54277	Q14966
P42338	P80192
P42338	Q7L576
P42338	O60673
Q15365	P42263
P43246	O14917
P16455	Q9H2J7
Q03112	P54756
P61244	Q86X24
P28482	O14776
P41229	O60218
P41229	Q8IZQ1
P41229	Q9NR99
P23458	B2RU33
P40189	P0DML3
P16871	Q9Y6L6
P03372	P80192
Q99814	Q8WZ42
Q9UPY3	Q9Y6X8
O60716	Q13227
P11802	Q8N5V2
Q9NYV4	Q8TE12
Q9Y2T1	Q96IF1
Q13535	Q08209
P10275	Q8IWP9
P10275	O75410
P00519	A6NDS4
Q9UBW7	Q14206
Q49AJ0	Q9BYG5
Q9UHC6	Q6ZUT3
Q9Y6Y1	O14576
O75626	Q13634
Q5M775	Q86YR6
Q5M775	Q9UBT2
Q9ULV8	Q06787
Q06455	Q9UPY6
Q86VZ1	P21399
Q93063	P20042
Q5VWP2	Q9P2G9
P30622	Q8TE49
O75175	Q8N4M1
Q86UU0	Q5ST30
Q86UP2	P55201
Q9NYF8	Q9Y2E6
O15524	Q8NES3
Q15059	Q9P212
Q13492	Q9UPR3
Q13206	O60512
Q8NFU7	Q05682
P50570	P0C0S8
P27635	P78509
P23246	Q5SV97
Q9UMX1	P48736
Q9Y243	Q71UI9
Q16832	Q3L8U1
Q00987	P12883
P24864	P46736
P20823	Q9ULD9
P17844	O43451
Q13029	Q96JK9
O75030	Q8IVF2
Q15596	Q9UHV7
Q99612	Q9NP56
Q8N4C6	A6PVS8
P12270	Q8IW41
Q9HBE1	Q8N1N5
P55199	Q38SD2
Q99626	Q9Y6Q9
P39748	P04229
Q92794	Q8N511
Q86YC2	O95202
Q8IYB1	Q9UK58
Q9Y4A5	Q92585
P84022	Q02080
Q9H334	Q14966
Q00534	Q7L576
Q96T58	P42263
Q008S8	O14917
O60566	Q9H2J7
Q92889	P54756
O43524	Q86X24
Q9BX63	O14776
P30279	O60218
Q15022	B2RU33
O75530	P0DML3
P11912	Q9Y6L6
Q9UH73	P80192
P98095	Q8WZ42
Q8NFP9	Q9Y6X8
Q8NFP9	P53794
Q8NFP9	P35575
Q8NFP9	Q9Y2C9
Q8NFP9	P17643
Q8NFP9	Q01959
Q8NFP9	P24394
Q8NFP9	P55290
Q8NFP9	O95837
Q8NFP9	Q9H4I8
Q8NFP9	P48552
Q8NFP9	Q15544
Q8NFP9	Q14469
Q8NFP9	Q15878
Q8NFP9	Q2M3G0
Q8NFP9	P08236
Q8NFP9	Q96HB5
Q8NFP9	P40123
Q8NFP9	Q9BQE5
Q8NFP9	P21399
Q8NFP9	Q8N4U5
Q8NFP9	Q9UPY6
Q8NFP9	P15918
Q6UXX9	Q9ULB4
Q6UXX9	P42677
Q6UXX9	Q9GZL7
Q6UXX9	Q8N8A6
Q6UXX9	Q08209
Q6UXX9	Q96RG2
Q6UXX9	Q96NH3
Q6UXX9	Q86SJ6
Q6UXX9	Q13227
Q6UXX9	Q86U70
Q6UXX9	Q8N1C3
Q6UXX9	Q9Y4D7
Q6UXX9	P09012
Q6UXX9	Q9Y625
Q6UXX9	Q14244
Q6UXX9	P48664
Q6UXX9	Q9P283
Q6UXX9	Q8IVF7
Q6UXX9	P00451
Q6UXX9	Q7L576
Q6UXX9	Q14344
Q6UXX9	Q9NYQ8
Q6UXX9	P42262
Q6UXX9	P09382
Q6UXX9	P46934
Q6UXX9	Q04609
Q6UXX9	O43196
Q6UXX9	Q7Z2K8
Q6UXX9	Q9UHL0
Q6UXX9	P0C0S8
Q6UXX9	Q3SY46
Q6UXX9	O60315
Q6UXX9	P48736
Q6UXX9	Q86WI3
Q6UXX9	Q7Z6Z7
Q6UXX9	Q8WYR1
Q6UXX9	P35251
Q6UXX9	P14210
Q6UXX9	Q12873
Q6UXX9	Q9NPI1
Q6UXX9	Q9Y5T5
Q6UXX9	O15440
Q6UXX9	P16471
Q6UXX9	P35610
Q6UXX9	P35442
Q6UXX9	Q9Y232
Q6UXX9	P62807
Q6UXX9	Q9H2F5
Q6UXX9	Q8N8Q9
Q6UXX9	Q8IYB9
Q6UXX9	O75051
Q6UXX9	Q03001
Q6UXX9	Q6IQ21
Q9Y618	Q8N5V2
Q05516	Q8TE12
P07333	Q96IF1
P58012	Q08209
P15976	O75410
P19532	A6NDS4
P19484	Q14206
Q92734	Q9BYG5
P0C1Z6	Q6ZUT3
P02786	O14576
Q92804	Q13634
P17542	Q86YR6
P17542	Q9UBT2
Q16559	Q06787
P23193	Q9UPY6
P15923	P21399
P56279	P20042
O43815	Q9P2G9
Q9Y651	Q7Z442
Q9Y651	O75179
Q9Y651	Q8TE49
P12931	Q15147
P12931	Q8N4M1
O43295	Q5VTT5
O43295	Q6Y7W6
O43295	Q8N0W3
O43295	O15440
O43295	P78357
O43295	Q8IWA0
O43295	P35711
O43295	Q9C0B2
O43295	Q08AH1
O43295	Q8NH43
O43295	O75691
O43295	P04275
O43295	Q12802
O43295	Q8TCU4
O43295	Q13023
O43295	P26368
O43295	Q07955
O43295	O00237
O43295	Q8WVV4
O43295	Q8IXK0
O43295	Q9BYT8
O43295	Q14722
O43295	P11488
O43295	P54762
O43295	Q9Y4J8
O43295	Q9BXS0
O43295	Q99965
O43295	Q9HCE0
O43295	Q6ZV29
O43295	Q86VV8
O43295	Q9H254
O43295	Q6SJ93
O43295	O15143
O43295	P14920
O43295	P34931
O43295	P45974
O43295	O60506
O43295	P05155
O43295	Q9BY84
O43295	Q9HCE1
O43295	Q8WYL5
O43295	Q7KZI7
O43295	Q92953
O43295	O75129
O43295	Q9NZJ4
O43295	Q9NRQ2
O43295	Q7Z4S6
O43295	Q8NHQ8
O43295	Q12926
O43295	Q9UPW6
O43295	P08572
O43295	Q9Y2E4
O43295	Q14C87
O43295	Q08828
O43295	P55000
O43295	O60741
O43295	O94813
O43295	Q14542
O43295	O75170
O43295	Q9Y334
O43295	O95185
O43295	Q9NRA1
O43295	Q92777
O43295	Q9Y235
O43295	O60333
O43295	Q96NB3
O43295	Q9UHJ9
O43295	P01213
O43295	Q9Y2R2
O43295	P43360
O43295	Q8IYB9
O43295	O75037
O43295	O75051
O43295	Q86WS3
O43295	P78504
O43295	Q9BZ76
O43295	Q8NDV3
O43295	P54760
O43295	Q9P2K8
O43295	Q9HCF6
O43295	Q6UXI9
O43295	O95067
O43295	Q9H307
O43295	Q9HCE5
O43295	P61978
O43295	O14745
O43295	Q8TF44
O43295	O14807
O43295	P43003
O43295	Q03113
O43295	O95619
O43295	O14977
O43295	Q96JM4
O43295	Q6ZRS2
O43295	Q96LA6
O43295	Q9UL01
O43295	P24043
O43295	Q9C000
O43295	P51798
O43295	P16112
O43295	Q01638
O43295	Q8IXS8
O43295	Q9Y613
O43295	Q9H1C3
O43295	Q01538
O43295	Q5JR12
O43295	Q9BVS4
O43295	P06213
O43295	Q13576
O43295	Q9P241
O43295	Q8WUD6
O43295	Q99829
O43295	Q9H095
O43295	O15067
O43295	Q969N2
O43295	Q96CW6
O43295	Q92543
O43295	P18428
O43295	Q9NR96
O43295	Q8N5D0
O43295	P41235
O43295	Q8IZH2
O43295	P21462
O43295	O14965
O43295	Q9UF33
O43295	Q6PI26
O43295	Q92769
O43295	Q8IWV2
O43295	Q03181
O43295	Q6P1N0
O43295	Q8WV24
O43295	P11047
O43295	Q9H237
O43295	O95837
O43295	Q8TE56
O43295	P62807
O43295	Q86XU0
O43295	Q9NP71
O43295	P98198
O43295	Q96RR4
O43295	Q9H2D6
O43295	P01266
O43295	Q6P2E9
O43295	Q9H4I8
O43295	Q63HM1
O43295	P48552
O43295	Q5VUB5
O43295	Q6XYQ8
O43295	Q8TE77
O43295	Q14469
O43295	Q9ULK4
O43295	Q8N4N8
O43295	P78552
O43295	Q16620
O43295	Q6R327
O43295	Q7Z6A9
O43295	Q8TD57
O43295	Q9UI47
O43295	P0C0S8
O43295	Q86VF2
O43295	Q63HK5
O43295	Q2TAZ0
O43295	O75182
O43295	Q58EX2
O43295	P15144
O43295	Q9UH65
O43295	O15020
O43295	Q92540
O43295	Q9UPR3
O43295	Q96Q15
O43295	Q9NTJ3
O43295	O95347
O43295	Q9BY12
O43295	Q9P212
O43295	Q86XI2
O43295	Q8IZD2
O43295	Q96JA1
O43295	Q8NES3
O43295	Q01167
O43295	Q9BPY3
O43295	Q9NYQ7
O43295	Q4KMG0
O43295	Q9NXV6
O43295	P15813
O43295	A5YM72
O43295	P55201
O43295	P98171
O43295	P15514
O43295	O75179
O43295	Q8IY63
O43295	Q5ST30
O43295	Q96JP5
O43295	Q9ULJ6
O43295	Q86WZ6
O43295	Q5VTR2
O43295	Q96A56
O43295	Q9H3E2
O43295	Q86YH6
O43295	A1E959
O43295	Q3BBV0
O43295	Q8IZQ8
O43295	Q8IVH8
O43295	P20042
O43295	Q96HB5
O43295	P21399
O43295	O60347
O43295	Q5VZ19
O43295	Q99595
O43295	Q12888
O43295	P36406
O43295	Q9UJW8
O43295	P35556
O43295	Q8TDL5
O43295	Q9UPX8
O43295	Q9BZE0
O43295	P32519
O43295	P31260
P84103	Q86YR6
P84103	P02549
P84103	O60706
P84103	Q9ULB4
P84103	P30988
P84103	O43704
P84103	A8MXY4
P84103	P45452
P84103	Q9BX69
P84103	P43652
P84103	Q6UWM9
P84103	P02671
P84103	A6QL64
P84103	Q2M2E3
P84103	P13612
P84103	P21757
P84103	P42677
P84103	Q7Z3S9
P84103	Q92565
P84103	Q14206
P84103	P0DN37
P84103	Q96AP0
P84103	Q14055
P84103	Q15070
P84103	Q16348
P84103	Q96AA8
P84103	Q8TEK3
P84103	O75122
P84103	Q15047
P84103	Q9UL16
P84103	Q92736
P84103	Q8N8A6
P84103	Q08209
P84103	Q13586
P84103	Q9NRY4
P84103	Q32MQ0
P84103	Q06330
P84103	Q6ZNH5
P84103	Q5JR59
P84103	Q8TE12
P84103	Q13309
P84103	Q8N1G0
P84103	Q14CM0
P84103	P98164
P84103	Q96NW7
P84103	Q14186
P84103	P43355
P84103	Q9Y6I8
P84103	Q13227
P84103	P18545
P84103	Q9HCL2
P84103	O14879
P84103	Q8TAA9
P84103	Q12852
P84103	Q0VDD8
P84103	Q12955
P84103	Q8NF50
P84103	Q8WXH0
P84103	Q8TC90
P84103	Q9UN66
P84103	Q15147
P84103	P30679
P84103	Q9H221
P84103	P09012
P84103	P36980
P84103	P0CG47
P84103	Q9H2A3
P84103	Q9BTE3
P84103	B2RU33
P84103	Q5JPB2
P84103	Q9H2B2
P84103	P68431
P84103	Q9Y625
P84103	Q9NPG1
P84103	Q9HDB5
P84103	Q6ZUJ8
P84103	P78543
P84103	Q9H074
P84103	O75914
P84103	P54756
P84103	O75800
P84103	P62807
P84103	Q9UKT9
P84103	Q9NWQ8
P84103	P48664
P84103	P05129
P84103	Q9HCL0
P84103	Q9H3W5
P84103	Q8TBB5
P84103	Q9NZ56
P84103	P00451
P84103	Q92608
P84103	P54289
P84103	O60312
P84103	P32249
P84103	P32970
P84103	Q8WZ60
P84103	P19256
P84103	Q02080
P84103	P14921
P84103	Q9C0I4
P84103	Q9UQ26
P84103	Q8N9L1
P84103	P10071
P84103	P07996
P84103	Q9HC56
P84103	Q96MP5
P84103	Q8TF72
P84103	P28566
P84103	Q9UK59
P84103	P17948
P84103	Q68DX3
P84103	Q99999
P84103	Q9H310
P84103	Q8N511
P84103	Q9UKP5
P84103	Q8NEB9
P84103	P63261
P84103	Q02962
P84103	P04229
P84103	P10155
P84103	Q9Y6Q9
P84103	P32321
P84103	Q5T0B9
P84103	Q16787
P84103	Q6ZPD9
P84103	O75354
P84103	Q49A26
P84103	O94921
P84103	Q8N1N5
P84103	Q9Y2X3
P84103	Q5TYW1
P84103	Q99715
P84103	A0AVT1
P84103	P54253
P84103	P48729
P84103	Q9Y5A9
P84103	O15229
P84103	Q96JH8
P84103	Q8NDH2
P84103	A5YKK6
P84103	O95294
P84103	Q9UHC1
P84103	Q13936
P84103	Q8IVF2
P84103	Q7Z5N4
P84103	P22459
P84103	Q7Z2K8
P84103	Q92824
P84103	Q9H0U6
P84103	O43529
P84103	Q9NZU5
P84103	Q9UHL0
P84103	Q5H9U9
P84103	Q96C10
P84103	P21281
P84103	P10412
P84103	Q92985
P84103	Q00839
P84103	P0C0S8
P84103	Q9C0E2
P84103	B9A064
P84103	Q14320
P84103	P12883
P84103	Q9UP38
P84103	Q92743
P84103	P20929
P84103	Q9UHA7
P84103	Q99801
P84103	Q71UI9
P84103	Q8IWZ4
P84103	O60315
P84103	P46013
P84103	Q86YW9
P84103	P62328
P84103	P28336
P84103	Q6UWP8
P84103	O60844
P84103	Q8WXX0
P84103	Q9H251
P84103	Q96PZ7
P84103	Q9UJY1
P84103	Q9H4D0
P84103	Q7Z6Z7
P84103	P20333
P84103	Q99570
P84103	Q01201
P84103	Q8TC84
P84103	P54764
P84103	Q8IZX4
P84103	Q9UPN3
P84103	O95677
P84103	P01344
P84103	P28370
P84103	Q96ST3
P84103	Q8NC56
P84103	Q7Z3B3
P84103	P14316
P84103	O15357
P84103	P14210
P84103	Q13616
P84103	P54252
P84103	P33981
P84103	Q6GMR7
P84103	Q9UBF1
P84103	Q96T51
P84103	Q8TF74
P84103	O94933
P84103	P40145
P84103	Q15648
P84103	Q8NHW3
P84103	Q9ULJ8
P84103	Q06413
P84103	P17658
P84103	Q8TDC3
P84103	Q9HD36
P84103	Q96EF0
P84103	Q14574
P84103	Q12882
P84103	Q9Y6L7
P84103	Q9HCM1
P84103	P35680
P84103	P54296
P84103	Q9NWV8
P84103	Q5SZK8
P84103	Q9H3M9
P84103	Q9HBJ7
P84103	Q13569
P84103	Q9Y458
P84103	P56975
P84103	Q13064
P84103	P35414
P84103	P01583
P84103	Q5SGD2
P84103	Q9NWZ3
P84103	P51955
P84103	Q8TBC3
P84103	P18054
P84103	Q9Y5V3
P84103	P55201
Q15532	Q9Y2E6
O75177	Q8NES3
Q16384	Q9P212
Q16385	Q9UPR3
O60224	O60512
Q8WVM7	Q05682
Q6FHJ7	P0C0S8
Q99961	P78509
P78324	Q5SV97
Q6UXX9	Q96AP0
P11940	Q969P5
P42338	Q08554
P42338	Q8NGD4
P42338	Q92608
P42338	Q9Y2J2
P42338	Q9NRA1
P42338	Q92777
P61244	Q92540
P28482	Q8NH43
P23458	Q86YH6
P40189	O14917
P03372	P33402
P03372	Q8TE49
Q9Y243	Q8IZF0
O75030	Q9H1D0
P15923	O75143
Q9Y651	Q92540
Q8TDW7	Q9UPQ7
Q8TDW7	Q14344
Q8TDW7	Q8TCU4
Q9HBU6	P23276
Q8IWS0	Q8WUY3
Q8IWS0	P0DML3
Q8IWS0	P62993
Q8IWS0	O60285
Q8IWS0	Q9ULK4
Q8IWS0	O00750
Q76L83	Q7Z5L9
O15315	Q9H4B6
O15315	Q92834
P11940	Q5S007
P11940	Q9UHF7
Q99081	P43355
O75417	Q7Z745
O75417	P12319
O75417	Q504Y0
O75417	Q6ZN28
Q15365	Q92979
P41229	P47870
P41229	Q15047
P41229	Q8TC90
P23458	P36402
P11802	Q8IWV2
P11802	Q9UIV8
Q9NYV4	Q9NQV7
Q9NYV4	Q9P289
P00519	O60333
P00519	Q9UHJ9
P00519	O14777
P00519	Q9Y2C9
P00519	P62807
P00519	Q9BPY3
P00519	Q9BWV1
Q9UBW7	Q7Z3S9
Q9UBW7	Q9GZL7
Q9UBW7	Q01813
Q9UBW7	Q9H2B2
Q9UBW7	Q5VWX1
Q9UBW7	P19793
Q9UBW7	P12883
Q9UBW7	Q6QAJ8
Q9UBW7	Q8N162
Q9UBW7	Q8TDC3
Q9UBW7	Q9HD36
Q9UBW7	Q5T1H1
Q9UBW7	Q9NWZ3
Q9UBW7	Q9C073
Q9UBW7	Q9NTZ6
Q9UBW7	Q6P995
Q9UBW7	P43026
Q9UBW7	O15350
O75626	Q8TE77
Q06455	Q8WUM0
Q86VZ1	Q9H1D0
P30622	O75143
Q86UU0	P14920
Q86UP2	P62805
O15524	P42356
O15524	P21709
O15524	Q9BY11
O15524	O15374
O15524	Q8N5D0
O15524	Q8N122
O15524	Q9Y5Y9
O15524	P16885
O15524	Q2TAZ0
O15524	Q7LDG7
O15524	Q8IZD2
O15524	Q96RY7
O15524	P40123
Q15059	P21918
Q15059	Q9BSJ1
Q15059	Q9BVK8
Q15059	Q92585
Q15059	Q68DX3
Q15059	Q31612
Q15059	Q92743
Q15059	P28336
Q15059	Q6UWP8
Q15059	Q5UE93
Q15059	Q9UNI1
Q15059	P19105
Q15059	O15399
Q15059	Q9HD36
Q15059	O75665
Q15059	Q15714
Q13206	Q86XN7
P50570	P23975
P50570	P19878
P50570	O15018
P27635	Q9NYT6
P24864	P32519
Q13029	A6NEK1
Q13029	Q96RR4
Q15596	P06213
Q92794	Q9NR48
Q9UH73	Q32MQ0
Q92804	Q9UL16
Q92804	Q3SX64
Q92804	A4D1E1
O43295	Q58A45
O43295	Q13164
P84103	Q9NPI5
P84103	Q01151
Q15532	Q16650
O75177	P21709
Q16384	P08183
Q16384	Q96QU1
Q16385	Q8IZQ8
Q16385	Q9H2G4
O60224	A8MXY4
O60224	Q14966
O60224	Q15648
O60224	Q8NHW3
O60224	Q9ULJ8
Q9NPC8	Q01151
P12755	P82921
O95436	P10301
Q969G3	P10243
Q969G3	Q92743
Q01105	Q13114
Q99643	Q3ZAQ7
Q9BXY4	Q7L2E3
Q8TEQ0	Q15139
P31151	Q7Z2K8
Q9UJQ4	Q9UHC1
Q9Y3A5	O75962
P31431	P54253
P31040	Q04609
Q9NX18	Q9Y2X3
Q04864	Q6ZPD9
Q6PCD5	O60610
A6NKT7	P09382
Q15669	P63261
Q96E14	Q9P2N4
Q63HN8	Q6J9G0
O75943	Q68D86
Q12967	Q9C0I4
P49792	Q86UP0
P52306	Q6H8Q1
Q9HAZ2	Q92817
P14222	Q16819
Q6NWY9	Q92626
P54821	P62805
Q13882	Q9C009
Q12923	Q9HDB5
P29350	P24530
Q96N64	O43916
Q15276	Q9NPI5
Q6DJT9	P09012
P28340	Q9UN66
P28340	Q8TBB5
P54098	Q15678
Q01860	Q12852
P37231	Q9HCL2
P37231	Q5SZK8
Q86W92	Q7Z7G8
Q15233	Q99445
Q92570	Q9NQA5
Q92570	Q6UB98
P01127	P20936
P01127	Q8N1G0
P01127	P12319
P01127	Q9Y625
P01127	Q9HCK8
O15534	Q8N8A6
Q99453	Q96AA8
P40424	P49842
P68402	P42677
P23760	P51884
P23759	O95256
A6NNL0	Q9ULB4
Q13516	O60706
Q13516	Q9ULG1
P49902	Q8NF91
P49902	Q9BZE0
P78549	Q5FWF4
P35658	Q5VZ19
P52948	Q96HB5
Q86Y26	P08236
Q8TF68	Q3BBV0
Q9NQX6	P15880
Q6NZY4	Q8TDN4
P62258	Q6UB98
Q01831	Q7Z460
P23025	Q08050
Q9GZV5	Q86XI2
P12524	Q9BY12
P35749	Q99973
Q9Y4I1	P50548
Q86UW6	Q2TAZ0
Q15742	P29016
E9PAV3	Q6R327
O60934	Q8N4N8
Q15788	O60315
Q13772	Q8NF91
Q92597	Q8IVL0
P56278	Q9UBU9
P15941	P16401
O15151	P09086
Q969V6	O43529
P58340	Q96D42
Q03111	P21675
P55197	Q15149
P55197	A5YM72
P55197	P55201
P55197	Q9BWV1
P55197	P98171
P55197	Q6UB98
P55197	Q8IY63
P55197	Q8N187
P55197	Q9BZF9
P55197	Q9ULJ6
P55197	Q86WZ6
P55197	Q96K58
P55197	Q8TDN4
P55197	Q3V6T2
P55197	Q96A56
P55197	Q9H3E2
P55197	Q8N4M1
P55197	P16109
P55197	P15880
P55197	Q9BRP1
P55197	Q8NDF8
P55197	Q8TE49
P55197	Q8NH53
P55197	Q3BBV0
P55197	Q9NR99
P55197	P05164
P55197	Q8TE76
P55197	P62805
P55197	Q92800
P55197	P20042
P55197	Q13620
P55197	P40123
P55197	P21399
P55197	Q9UJW8
P55197	Q8TF39
P55197	Q6ZNG0
P55197	Q01664
P55197	Q16650
P55197	P32519
P55197	Q14814
P55197	P17706
P55197	Q9NVF7
P55197	P31260
P55197	Q93009
Q13015	Q92954
Q13015	P02549
Q13015	P08123
Q13015	P59047
Q13015	Q99985
Q13015	P21918
Q13015	Q6XPS3
Q13015	Q9ULB4
Q13015	P30988
Q13015	P40879
Q13015	O14576
Q13015	P02671
Q13015	O15446
Q13015	Q5TA78
Q13015	Q9BYG5
Q13015	P42677
Q13015	Q92665
Q13015	Q14206
Q13015	P0DN37
Q13015	Q96AP0
Q13015	Q8IWP9
Q13015	Q15070
Q13015	A6NDS4
Q13015	O00206
Q13015	Q16348
Q13015	Q96AA8
Q13015	Q8WUY3
Q13015	Q9UKV0
Q13015	O75410
Q13015	Q8IWI9
Q13015	Q92729
Q13015	Q6VMQ6
Q13015	Q15046
Q13015	O14896
Q13015	Q96RG2
Q13015	Q32MQ0
Q13015	Q9UM47
Q13015	Q96IF1
Q13015	Q06330
Q13015	Q9NQA5
Q13015	Q8TE12
Q13015	Q8N349
Q13015	Q96NW7
Q13015	Q14186
Q13015	Q9H4B6
Q13015	P02768
Q13015	P43355
Q13015	P67870
Q13015	Q8NG75
Q13015	Q9HCL2
Q13015	Q01813
Q13015	Q9Y6X8
Q13015	P04114
Q13015	Q12852
Q13015	P82987
Q13015	Q8WZ42
Q13015	Q12955
Q13015	Q8NF50
Q13015	Q8NDV1
Q13015	Q96N23
Q13015	Q14765
Q13015	Q15147
Q13015	P51817
Q13015	Q13283
Q13015	P36980
Q13015	P32971
Q13015	P0CG47
Q13015	P0DML3
Q13015	Q9Y4A8
Q13015	P51668
Q13015	Q15389
Q13015	Q16827
Q13015	Q9NRA2
Q13015	Q14DG7
Q13015	Q9H4G4
Q13015	P59990
Q13015	Q9Y625
Q13015	P20585
Q13015	Q7Z3K6
Q13015	O14776
Q13015	O15156
Q13015	P58401
Q13015	P78543
Q13015	Q9H3M7
Q13015	Q9C009
Q13015	Q9UPR6
Q13015	Q99624
Q13015	P62805
Q13015	Q9UKT9
Q13015	Q9H2J7
Q13015	Q6ZTQ3
Q13015	Q16821
Q13015	P31785
Q13015	P33402
Q13015	Q92817
Q13015	P42658
Q13015	Q92796
Q13015	Q7L576
Q13015	P20908
Q13015	O94779
Q13015	P54289
Q13015	Q6H8Q1
Q13015	Q92752
Q13015	Q14966
Q13015	Q9Y6R4
Q13015	Q14344
Q13015	P14921
Q13015	Q9NYQ8
Q13015	P10071
Q13015	P11717
Q13015	Q8TF72
Q13015	Q9UK59
Q13015	P11532
Q13015	Q9NYA1
Q13015	Q9BYK8
Q13015	Q96JN8
Q13015	P51114
Q13015	Q02413
Q13015	Q9H310
Q13015	Q8N511
Q13015	Q86YZ3
Q13015	O94898
Q13015	O95544
Q13015	P10155
Q13015	P38159
Q13015	P32321
Q13015	Q5T0B9
Q13015	Q14676
Q13015	Q16787
Q13015	Q5S007
Q13015	P34932
Q13015	Q9UQ52
Q13015	O75354
Q13015	Q49A26
Q13015	O60673
Q13015	Q99645
Q13015	Q13568
Q13015	P13611
Q13015	Q9UIF8
Q13015	Q04609
Q13015	A8MVW5
Q13015	A0AVT1
Q13015	A6PVS8
Q13015	P48729
Q13015	Q31612
Q13015	Q7Z5L9
Q13015	Q9Y5A9
Q13015	Q86UR1
Q13015	O15229
Q13015	O75962
Q13015	Q96JH8
Q13015	A5YKK6
Q13015	O75881
Q13015	O75445
Q13015	Q8N7X1
Q13015	P22459
Q13015	Q92824
Q13015	Q96D42
Q13015	O75592
Q13015	Q9C0F0
Q13015	Q8NHQ9
Q13015	Q5H9U9
Q13015	P21281
Q13015	Q9ULD9
Q13015	P10412
Q13015	Q92985
Q13015	O60814
Q13015	Q12933
Q13015	Q14320
Q13015	Q9UBU9
Q13015	Q8N5C8
Q13015	Q05397
Q13015	P10301
Q13015	Q9HCK8
Q13015	Q71UI9
Q13015	Q8IWZ4
Q13015	Q6UWP8
Q13015	O60844
Q13015	Q7Z4N2
Q13015	Q9Y4X5
Q13015	Q9Y5K5
Q13015	Q9UJY1
Q13015	P51178
Q13015	P80370
Q13015	Q8N1I0
Q13015	Q13905
Q13015	Q9H4D0
Q13015	P20333
Q13015	O94916
Q13015	Q5UE93
Q13015	Q8WYR1
Q13015	Q8NDV7
Q13015	O94986
Q13015	Q4G0P3
Q13015	P98160
Q13015	P20930
Q13015	Q96RW7
Q13015	P54764
Q13015	Q8TE60
Q13015	Q8NEK8
Q13015	Q6ZN30
Q13015	Q6P1J6
Q13015	Q9HCK5
Q13015	P82279
Q13015	O94759
Q13015	Q9H0M0
Q13015	Q6WRI0
Q13015	Q9H0E9
Q13015	Q15583
Q13015	Q13813
Q13015	Q15637
Q13015	O95104
Q13015	P51812
Q13015	A2A3K4
Q13015	O00411
Q13015	O00459
Q13015	P06401
Q13015	Q8N1F7
Q13015	Q8WUM0
Q13015	Q6KC79
Q13015	Q9NRM7
Q13015	Q9UMN6
Q13015	Q08211
Q13015	Q68CJ9
Q13015	Q6PEW1
Q13015	P52736
Q13015	Q7Z3I7
Q13015	Q96G61
Q13015	Q96T51
Q13015	Q8TF74
Q13015	O95848
Q13015	Q9BU79
Q13015	O94933
Q13015	A4D1E1
Q13015	P40145
Q13015	P58397
Q13015	Q06413
Q13015	Q8NFJ6
Q13015	P09429
Q13015	Q99956
Q13015	Q9Y5W3
Q13015	Q9Y6L7
Q13015	Q8TD91
Q13015	Q9HCM1
Q13015	P35680
Q13015	P54296
Q13015	P01009
Q13015	Q9NWV8
Q13015	Q5SZK8
Q13015	Q13569
Q13015	Q9Y458
Q13015	P23975
Q13015	P13667
Q13015	Q13064
Q13015	P51681
Q13015	O00463
Q13015	Q969P5
Q13015	P51955
Q13015	Q04727
Q13015	P18583
Q13015	Q8NEV8
Q13015	Q5VTT5
Q13015	Q6ZXV5
Q13015	Q8IWA0
Q13015	Q9C0B2
Q13015	Q9Y592
Q13015	Q2T9J0
Q13015	P04424
Q13015	Q6P4A7
Q13015	O75691
Q13015	P04275
Q13015	Q8N2C7
Q13015	Q96S15
Q13015	Q12816
Q13015	O60603
Q13015	O43610
Q13015	O00237
Q13015	Q14722
Q13015	P11488
Q13015	P20853
Q13015	Q9BZC1
Q13015	Q9P2N2
Q13015	Q9Y566
Q13015	Q9H254
Q13015	Q6SJ93
Q13015	Q9P289
Q13015	O14681
Q13015	P36402
Q13015	Q8WXA8
Q13015	P23743
Q13015	P45974
Q13015	O14733
Q13015	Q8IWB6
Q13015	P35462
Q13015	O60506
Q13015	Q96S59
Q13015	Q9HCE1
Q13015	Q6P995
Q13015	P35612
Q13015	Q09327
Q13015	Q9NZJ4
Q13015	Q92945
Q13015	Q9HCK1
Q13015	Q13003
Q13015	Q8NHQ8
Q13015	Q14C87
Q13015	Q08828
Q13015	O60741
Q13015	O94813
Q13015	Q9BXA9
Q13015	P12821
Q13015	Q9Y334
Q13015	P62807
Q13015	Q05923
Q13015	O95136
Q13015	P78539
Q13015	O95185
Q13015	P49459
Q13015	Q9Y2R2
Q13015	P51816
Q13015	O15374
Q13015	Q8IZF0
Q13015	Q8N8Q9
Q13015	Q8IYB9
Q13015	O75051
Q13015	Q86WS3
Q13015	Q96RT7
Q13015	P17861
Q13015	Q9Y2U8
Q13015	Q03001
Q13015	Q9H307
Q13015	Q8TF44
Q13015	O14807
Q13015	O95750
Q13015	O95619
Q13015	Q8IWN7
Q13015	O14977
Q13015	Q96JM4
Q13015	Q9ULD4
Q13015	P46734
Q13015	Q6ZRS2
Q13015	Q96LA6
Q13015	Q92556
Q13015	P49418
Q13015	O14777
Q13015	P17643
Q13015	Q9Y274
Q13015	Q01959
Q13015	Q9UNE0
Q13015	Q9H1C3
Q13015	Q9BVS4
Q13015	P06213
Q13015	Q96JM2
Q13015	P14543
Q13015	Q9HC77
Q13015	Q8WUD6
Q13015	Q8TEY5
Q13015	O15067
Q13015	Q969N2
Q13015	O60602
Q13015	Q9NR96
Q13015	P41235
Q13015	P62508
Q13015	Q92769
Q13015	Q05513
Q13015	Q8TE56
Q13015	P06899
Q13015	Q2TAY7
Q13015	O75064
Q13015	P01266
Q13015	Q9H4I8
Q13015	P48552
Q13015	O15018
Q13015	Q9UPV9
Q13015	O75362
Q13015	P35221
Q13015	Q6ZMR5
Q13015	Q5SV97
Q13015	Q96FE7
Q13015	O00750
Q13015	Q7Z6A9
Q13015	Q8TF21
Q13015	Q15878
Q13015	Q8TCU3
Q13015	Q9UI47
Q13015	P0C0S8
Q13015	Q93077
Q13015	P16885
Q13015	Q63HK5
Q13015	P15822
Q13015	Q05682
Q13015	P11277
Q13015	O14646
Q13015	P15144
Q13015	Q96JG9
Q13015	Q9UQF2
Q13015	Q9NRE2
Q13015	Q99973
Q13015	Q7RTN6
Q13015	Q8N1F8
Q13015	O15020
Q13015	Q92540
Q13015	Q9UPR3
Q13015	Q9BY12
Q13015	Q9NZL6
Q13015	O14827
Q13015	Q29RF7
Q13015	Q15021
Q13015	Q96JA1
Q13015	Q01167
P42568	Q9UKU6
P55198	P62841
Q10571	Q49A26
P50219	O94972
O75444	O94805
Q9Y5Q3	Q86YZ3
Q6UXM1	Q99999
Q8ND56	Q9BYK8
P42702	Q12860
P02545	Q8N9L1
P25800	Q8WZ60
P25800	Q92766
P25800	P27448
P25800	Q63HM1
P25800	P48552
P25800	Q15544
P25800	Q5TGY1
P25800	O15018
P25800	Q9UPV9
P25800	O75362
P25800	Q7Z3T1
P25800	Q8N4N8
P25800	Q5SV97
P25800	Q16620
P25800	Q6R327
P25800	P08235
P25800	Q2M3G0
P25800	P58876
P25800	P0C0S8
P25800	O95352
P25800	Q9BXM0
P25800	P58107
P25800	Q14669
P25800	Q9UH65
P25800	Q9NZL6
P25800	O14827
P25800	Q96JA3
P25800	Q6IBW4
P25800	Q8NB78
P25800	Q01167
P25800	Q9BPY3
P25800	O00716
P25800	Q9UDT6
P25800	Q7Z460
P25800	Q9NYQ7
P25800	A5YM72
P25800	P55201
P25800	P15880
P25800	Q8TE49
P25800	Q8NH53
P25800	Q96E52
P25800	Q8IZQ8
P25800	O95373
P25800	Q96CB8
P25800	P40123
P25800	Q03518
P25800	Q99595
P25800	Q9ULW0
P25800	P36406
P25800	Q3SXZ7
P25800	Q9UPY6
P25800	Q9UJW8
P25800	Q5FWF4
P25800	Q06787
P25800	P31260
P25800	Q9UEY8
P25800	P41217
P25791	Q07283
P25791	O60706
P25791	Q9ULB4
P25791	A8MXY4
P25791	Q8HWS3
P25791	Q2M2E3
P25791	Q5TA78
P25791	Q96HM7
P25791	Q92665
P25791	Q7Z3S9
P25791	P17010
P25791	Q14206
P25791	Q9GZL7
P25791	Q8IWI9
P25791	Q8IYT2
P25791	O14896
P25791	Q8WWQ0
P25791	Q8IW75
P25791	Q99445
P25791	Q96NH3
P25791	Q8N5V2
P25791	Q96NW7
P25791	Q9H4B6
P25791	Q9P2D1
P25791	Q12852
P25791	Q0VDD8
P25791	Q8WZ42
P25791	Q12955
P25791	Q9Y4D7
P25791	Q15678
P25791	Q99683
P25791	P80192
P25791	Q9Y2K7
P25791	P30679
P25791	P32971
P25791	P05455
P25791	Q9NRA2
P25791	Q14DG7
P25791	Q9H4G4
P25791	P50591
P25791	Q7Z3K6
P25791	O14776
P25791	O15034
P25791	O75914
P25791	P29376
P25791	P08476
P25791	Q99624
P25791	P68431
P25791	P62807
P25791	Q9UKS7
P25791	Q9P283
P25791	Q6ZTQ3
P25791	P05129
P25791	Q16821
P25791	Q9BQA5
P25791	Q8IVF7
P25791	P00451
P25791	P42658
P25791	Q92796
P25791	Q7L576
P25791	O94991
P25791	Q96JF0
P25791	Q9H295
P25791	Q92752
P25791	P46059
P25791	Q9HC56
P25791	P20648
P25791	Q12860
P25791	Q99578
P25791	P51114
P25791	Q02413
P25791	Q14004
P25791	Q9UKP5
P25791	P41271
P25791	Q5S007
P25791	Q6ZPD9
P25791	Q8N1N5
P25791	P06241
P25791	Q86UR1
P25791	Q9UHV7
P25791	O75881
P25791	P21675
P25791	Q13936
P25791	Q7Z5N4
P25791	P22459
P25791	P07948
P25791	P02462
P25791	Q9NZU5
P25791	Q9P2E5
P25791	Q5H9U9
P25791	P21281
P25791	Q00839
P25791	Q3ZAQ7
P25791	Q13114
P25791	Q04446
P25791	P20929
P25791	P62070
P25791	P10301
P25791	Q9HCK8
P25791	Q8NF91
P25791	Q99801
P25791	Q93079
P25791	P09038
P25791	P51178
P25791	Q6UVK1
P25791	Q02388
P25791	Q99570
P25791	Q9BXU1
P25791	O75912
P25791	Q6P1J6
P25791	O60481
P25791	Q15583
P25791	Q07889
P25791	P28370
P25791	O95104
P25791	Q9NRM7
P25791	Q9Y261
P25791	P33981
P25791	P21246
P25791	Q9P2A4
P25791	Q96G61
P25791	Q96T51
P25791	A4D1E1
P25791	Q86UP3
P25791	Q9ULJ8
P25791	B0I1T2
P25791	P62993
P25791	O43823
P25791	P54296
P25791	O43741
P25791	Q9HBJ7
P25791	P13667
P25791	Q13064
P25791	Q01484
P25791	P18054
P25791	P00540
P25791	Q2T9J0
P25791	Q8TCU4
P25791	Q13023
P25791	Q12816
P25791	Q9UNH6
P25791	O00237
P25791	P20853
P25791	Q9P2N2
P25791	Q9UBQ7
P25791	Q8N157
P25791	Q96S59
P25791	P43026
P25791	Q04759
P25791	P35442
P25791	Q9HCK1
P25791	Q9UQP3
P25791	O60741
P25791	O15090
P25791	O94813
P25791	P23527
P25791	Q05923
P25791	Q8IV76
P25791	P49459
P25791	Q9Y2R2
P25791	Q8N8Q9
P25791	O75037
P25791	P78504
P25791	Q96PE3
P25791	Q03113
P25791	Q00613
P25791	P41743
P25791	Q06278
P25791	Q9H1C3
P25791	P24394
P25791	O15321
P25791	O15062
P25791	P14543
P25791	Q99829
P25791	Q13098
P25791	Q969N2
P25791	P22735
P25791	Q9NR48
P25791	O15350
P25791	Q8IZT6
P25791	Q9UF33
P25791	Q07820
P25791	Q92769
P25791	P38570
P25791	Q05707
P25791	Q14694
P25791	Q8IWV2
P25791	O75807
P25791	Q96JP9
P25791	O43897
Q93052	Q92608
P13796	Q9H3W5
Q9UJU2	Q16821
Q96AJ9	Q9UKT9
P40818	Q9UPR6
Q92615	O15034
Q14847	P20585
Q06136	Q14DG7
Q9HCM3	Q9BTE3
P33176	P36980
P20151	Q96N23
O95251	B2RTY4
P48544	Q15751
P29375	Q8N1C3
Q8WYB5	Q9H4B6
Q86VZ6	Q96NH3
Q86VZ6	O94900
P05412	Q9HBZ2
P05412	P12034
P05412	Q9BZ76
P05412	Q8IVW6
P05412	P17861
P05412	Q8NDV3
P05412	P54760
P05412	O95067
P05412	Q96PE3
P05412	Q9H307
P05412	Q9H159
P05412	Q9HCE5
P05412	Q76B58
P05412	P53794
P05412	Q6P996
P05412	P43003
P05412	Q03113
P05412	Q9H1J7
P05412	O14977
P05412	Q6ZRS2
P05412	Q96LA6
P05412	P35575
P05412	Q8IVG5
P05412	P17643
P05412	Q9Y274
P05412	O75762
P05412	P33897
P05412	Q5VU65
P05412	Q8N431
P05412	P06213
P05412	Q70CQ4
P05412	Q13576
P05412	Q6L9T8
P05412	O95428
P05412	Q969N2
P05412	Q96CW6
P05412	P18428
P05412	Q9NR96
P05412	Q9NYK1
P05412	P35348
P05412	P62508
P05412	Q07820
P05412	Q8IWV2
P05412	Q8WV24
P05412	P11047
P05412	Q05513
P05412	Q96JP9
P05412	P62807
P05412	O60285
P05412	Q9Y614
P05412	Q2TAY7
P05412	O75311
P05412	Q9Y6J0
P05412	P27448
P05412	P48552
P05412	Q6XYQ8
P05412	Q86UR5
P05412	Q15544
P05412	Q9UIS9
P05412	Q8TEW0
P05412	Q5TGY1
P05412	O75362
P05412	Q16620
P05412	P08235
P05412	Q7Z6A9
P05412	Q7Z442
P05412	P29016
P05412	Q2TAZ0
P05412	Q05682
P05412	P11277
P05412	Q9UH65
P05412	Q8N1F8
P05412	O15020
P05412	Q92540
P05412	O95347
P05412	Q7LDG7
P05412	O14827
P05412	Q86XN7
P05412	Q9P212
P05412	Q9NXG6
P05412	Q99466
P05412	Q01167
P05412	Q9NYQ7
P05412	Q4KMG0
P05412	Q8IY63
P05412	Q9ULJ6
P05412	Q96K58
P05412	Q9Y6E7
P05412	P15880
P05412	Q86YH6
P05412	Q8TE49
P05412	Q9HB63
P05412	Q9NR99
P05412	Q6J272
P05412	Q96HB5
P05412	P40123
P05412	P21399
P05412	P32856
P05412	Q03518
P05412	O60347
P05412	Q5VZ19
P05412	Q3SXZ7
P05412	Q9UPY6
P05412	Q9UJW8
P05412	P35556
P05412	P17706
P60568	P23276
P60568	P08123
P60568	Q7Z745
P60568	P08183
P60568	P04279
P60568	P40879
P60568	O14576
P60568	Q6UWM9
P60568	Q2M2E3
P60568	Q5TA78
P60568	O14627
P60568	Q9BVK8
P60568	Q96HM7
P60568	P21757
P60568	O00241
P60568	Q7Z3S9
P60568	Q96AP0
P60568	Q14055
P60568	Q8IWP9
P60568	Q15070
P60568	O00206
P60568	O60732
P60568	Q9UL16
P60568	Q8IYT8
P60568	Q8IWI9
P60568	Q92963
P60568	Q08209
P60568	Q9NRY4
P60568	Q96RG2
P60568	Q32MQ0
P60568	Q9UM47
P60568	Q8WWQ0
P60568	Q9NQA5
P60568	Q86SJ6
P60568	Q14186
P60568	Q9H4B6
P60568	Q86U70
P60568	P04114
P60568	Q9UHW9
P60568	P01024
P60568	Q12955
P60568	Q8TDI0
P60568	Q96N23
P60568	P10645
P60568	P32971
P60568	Q9NPI5
P60568	B2RU33
P60568	Q9Y625
P60568	P58401
P60568	P19793
P60568	P54756
P60568	Q99624
P60568	Q9UKT9
P60568	Q9UKS7
P60568	P42772
P60568	P48664
P60568	Q14524
P60568	Q6ZTQ3
P60568	O14511
P60568	Q86VH4
P60568	Q8TBB5
P60568	P33402
P60568	P00451
P60568	Q96NX9
P60568	O94779
P60568	P54289
P60568	Q6H8Q1
P60568	Q8IZY2
P60568	Q86UP0
P60568	Q8WZ60
P60568	O15075
P60568	Q92542
P60568	Q8IUG5
P60568	Q68D86
P60568	P20648
P60568	Q12860
P60568	P28566
P60568	Q86V15
P60568	O94805
P60568	P10155
P60568	Q9Y6Q9
P60568	P32321
P60568	P41271
P60568	Q5T0B9
P60568	O60610
P60568	Q6ZPD9
P60568	P13611
P60568	Q99715
P60568	P47974
P60568	P68400
P60568	P48729
P60568	Q15149
P60568	A5YKK6
P60568	O75881
P60568	Q9ULT8
P60568	Q7Z2K8
P60568	Q9H0U6
P60568	O94823
P60568	O60814
P60568	Q9C0E2
P60568	B9A064
P60568	Q9UBU9
P60568	Q9Y3Z3
P60568	Q9UP38
P60568	Q04446
P60568	Q05397
P60568	Q9HCK8
P60568	Q71UI9
P60568	P19404
P60568	Q3SY46
P60568	P46013
P60568	Q7L2R6
P60568	Q8N9E0
P60568	O43151
P60568	Q04724
P60568	Q7Z408
P60568	P51178
P60568	Q02388
P60568	Q8N1I0
P60568	Q8IUC4
P60568	Q99677
P60568	Q3SX64
P60568	O60481
P60568	P01344
P60568	Q9HC78
P60568	P28370
P60568	P51812
P60568	P35251
P60568	Q8N1A0
P60568	Q7Z3B3
P60568	P68104
P60568	Q12873
P60568	O43521
P60568	Q5D1E8
P60568	Q8NHW3
P60568	Q6ZWB6
P60568	Q8NFJ6
P60568	P17658
P60568	P62805
P60568	P09429
P60568	Q96EF0
P60568	Q12882
P60568	Q9H900
P60568	Q5SZK8
P60568	Q9UPS8
P60568	O43741
P60568	P32239
P60568	P56975
P60568	P35414
P60568	P01583
P60568	P43088
P60568	Q9NWZ3
P60568	P18054
P60568	P00540
P60568	P18583
P60568	Q9UKA4
P60568	P01584
P60568	P16471
P60568	Q9BYT8
P60568	Q86TE4
P60568	Q9BXS0
P60568	Q9BZC1
P60568	Q9UG63
P60568	P34931
P60568	P35610
P60568	P05155
P60568	P42695
P60568	Q96S59
P60568	Q9UK53
P60568	Q9NTZ6
P60568	Q09327
P60568	Q86UQ4
P60568	Q9Y232
P60568	Q13003
P60568	Q7Z4S6
P60568	Q9UPW6
P60568	Q9Y2E4
P60568	Q14C87
P60568	O15090
P60568	Q7Z6R9
P60568	O00358
P60568	O94813
P60568	Q14542
P60568	O75170
P60568	O60518
P60568	O95954
P60568	P62807
P60568	Q92777
P60568	P01213
Q9HBE5	Q8IYT2
Q2M1V0	O75122
P06756	Q15070
P35125	Q92665
Q9Y6M1	O15446
O95071	Q6UWM9
P07900	Q9H1D0
P08238	Q7Z745
P08238	Q09327
P08238	Q8N490
P08238	P53794
P08238	Q9C000
P08238	Q99829
P08238	Q93077
P08238	O00548
P08238	Q9Y6E7
P08238	Q14512
P08238	P15918
P31271	Q96IF1
P31271	Q9Y6X8
P31271	P04114
P31271	Q15751
P31271	Q8IUC8
P31271	P62841
P31271	P21675
P31271	Q9UI36
P31271	Q9BZC1
P31271	Q8IWV7
P31271	Q9BY11
P31271	P14920
P31271	P34931
P31271	P35610
P31271	P45974
P31271	O14733
P31271	Q8IWB6
P31271	Q9BXP5
P31271	O60506
P31271	P42695
P31271	Q96S59
P31271	Q4VXU2
P31271	Q9HCE1
P31271	Q9H0A0
P31271	Q8WYL5
P31271	Q9UK53
P31271	Q7KZI7
P31271	Q6P995
P31271	Q04759
P31271	Q09327
P31271	Q92953
P31271	Q96A19
P31271	O75129
P31271	P35442
P31271	Q92945
P31271	Q9HCK1
P31271	Q9Y232
P31271	Q7Z4S6
P31271	Q9UPW6
P31271	P08572
P31271	P12107
P31271	Q2M3C7
P31271	Q9UQP3
P31271	Q9H0I9
P31271	Q14542
P31271	O75170
P31271	Q05923
P31271	P78539
P31271	O95185
P31271	Q92777
P31271	Q8IV76
P31271	P01213
P31271	Q9Y2R2
P31271	P51816
P31271	O15374
P31271	P43360
P31271	Q8IYB9
P31271	P12034
P31271	P49761
P31271	Q8IVW6
P31271	Q8NDV3
P31271	O00220
P31271	Q13164
P31271	P54760
P31271	Q9HCF6
P31271	Q6UXI9
P31271	O95067
P31271	P98066
P31271	Q6IQ21
P31271	Q9H159
P31271	O14745
P31271	Q8N490
P31271	P53794
P31271	Q03113
P31271	O95750
P31271	P41743
P31271	Q96JM4
P31271	Q9ULD4
P31271	P05181
P31271	P46734
P31271	Q96LA6
P31271	P35575
P31271	Q6Q759
P31271	Q92556
P31271	Q8IVG5
P31271	P24043
P31271	Q9C000
P31271	P51798
P31271	P16112
P31271	P12259
P31271	Q9Y2C9
P31271	Q8IXS8
P31271	O60281
P31271	Q9Y274
P31271	P33897
P31271	Q9UNE0
P31271	P24394
P31271	P13646
P31271	Q8N431
P31271	P06213
P31271	P06865
P31271	Q70CQ4
P31271	O15321
P31271	Q96JM2
P31271	Q9P241
P31271	Q8TEY5
P31271	P49238
P31271	Q92543
P31271	P18428
P31271	Q9NYK1
P31271	Q9Y4K3
P31271	Q8N5D0
P31271	P41235
P31271	P35348
P31271	Q96MF7
P31271	Q9P2B2
P31271	Q8IZH2
P31271	Q8IZT6
P31271	P08069
P31271	Q8N122
P31271	Q9UF33
P31271	Q6PI26
P31271	Q07820
P31271	Q05707
P31271	Q14694
P31271	P55290
P31271	Q8IWV2
P31271	Q03181
P31271	O75807
P31271	Q96JP9
P31271	Q8TE56
P31271	Q9UHP6
P31271	P78410
P31271	P06899
P31271	Q9Y614
P31271	Q9UKB5
P31271	Q504Y0
P31271	Q2TAY7
P31271	O75064
P31271	O75311
P31271	P98198
P31271	Q96RR4
P31271	Q9NRC6
P31271	Q92766
P31271	Q9Y484
P31271	Q9H4I8
P31271	P48552
P31271	Q5VUB5
P31271	Q6XYQ8
P31271	Q8TEW0
P31271	P16150
P31271	Q96RU2
P31271	Q14469
P31271	O60229
P31271	Q9ULK4
P31271	O75362
P31271	Q7Z3T1
P31271	Q9UHF7
P31271	Q9ULB1
P31271	Q6ZMR5
P31271	Q96FE7
P31271	O00443
P31271	Q6R327
P31271	P27987
P31271	Q13546
P31271	P55895
P31271	Q8TF21
P31271	Q7Z442
P31271	P29016
P31271	Q8TCU3
P31271	P0C0S8
P31271	Q63HK5
P31271	O75143
P31271	O75182
P31271	Q58EX2
P31271	P15144
P31271	Q9UQF2
P31271	Q14119
P31271	O60512
P31271	P58107
P31271	Q99973
P31271	Q9UH65
P31271	Q8N1F8
P31271	Q9UPR3
P31271	Q96Q15
P31271	Q9NTJ3
P31271	O95347
P31271	Q9BY12
P31271	Q7LDG7
P31271	Q96JA3
P31271	Q9P212
P31271	Q29RF7
P31271	Q8NES3
P31271	Q8NB78
P31271	Q96ST2
P31271	Q96RY7
P31271	P85037
P31271	Q9BPY3
P31271	O00548
P31271	Q4KMG0
P31271	P15813
P31271	P98171
P31271	O75179
P31271	Q6UB98
P31271	Q8IY63
P31271	Q8N187
P31271	Q6EMB2
P31271	Q96JP5
P31271	Q9ULJ6
P31271	Q86WZ6
P31271	Q96A56
P31271	Q9BY07
P31271	Q8N4M1
P31271	Q86YH6
P31271	Q13442
P31271	A1E959
P31271	P05164
P31271	Q8TE76
P31271	Q8IVH8
P31271	Q9P2G9
P31271	P26010
P31271	Q96CB8
P31271	P62805
P31271	P17174
P31271	Q14512
P31271	P25940
P31271	Q8TAP6
P31271	P40123
P31271	Q9H2M3
P31271	P25311
P31271	Q03518
P31271	Q8N4U5
P31271	Q12888
P31271	Q9BX82
P31271	Q6ZNG0
P31271	Q5FWF4
P31271	Q01664
P31271	Q8ND04
P31271	Q86VI4
P31271	Q06787
P31271	Q14814
P31271	P17706
P31271	Q8WUI4
P31271	Q9NVF7
P31271	Q9UBT2
P31271	P31260
P31271	Q93009
P31271	Q9ULG1
P31271	O94900
P31271	P02812
P31269	Q92954
P31269	Q07283
P31269	P21918
P31269	P04279
P31269	P30988
P31269	Q9H1D0
P31269	A8MXY4
P31269	Q9NYZ4
P31269	A6QL64
P31269	P09544
P31269	O15446
P31269	O14627
P31269	Q9BYG5
P31269	Q9BVK8
P31269	P13612
P31269	O00241
P31269	Q7Z3S9
P31269	P0DN37
P31269	Q8IWP9
P31269	Q15070
P31269	O00206
P31269	O60732
P31269	Q8WUY3
P31269	Q92736
P31269	Q8N8A6
P31269	Q8IWI9
P31269	Q08209
P31269	Q6VMQ6
P31269	Q14146
P31269	Q9HBZ2
P31269	Q5JR59
P31269	Q8TE12
P31269	Q13309
P31269	Q99445
P31269	O95180
P31269	Q14CM0
P31269	Q96G21
P31269	Q8N349
P31269	Q7Z7G8
P31269	P43355
P31269	Q13227
P31269	Q86U70
P31269	P67870
P31269	P18545
P31269	Q01813
P31269	Q8N1C3
P31269	O14879
P31269	Q9P2D1
P31269	Q8TAA9
P31269	P04114
P31269	Q96PQ0
P31269	Q9UHW9
P31269	P01024
P31269	Q12955
P31269	Q8TDI0
P31269	Q9Y4D7
P31269	Q8NF50
P31269	Q8WXH0
P31269	Q8TC90
P31269	Q99683
P31269	P80192
P31269	Q8NGD4
P31269	Q9UN66
P31269	Q96N23
P31269	P51817
P31269	P30679
P31269	P10645
P31269	Q13283
P31269	P09012
P31269	P12319
P31269	Q6DKI7
P31269	Q9NPI5
P31269	Q9BTE3
P31269	P11712
P31269	Q9H2B2
P31269	Q16827
P31269	P05455
P31269	O43916
P31269	Q14DG7
P31269	P59551
P31269	O60218
P31269	P59990
P31269	P68431
P31269	P24530
P31269	Q9Y625
P31269	P20585
P31269	Q7Z3K6
P31269	Q14244
P31269	P78543
P31269	P62745
P31269	Q9H3M7
P31269	O75914
P31269	P29376
P31269	P62807
P31269	Q9UKT9
P31269	Q9H2J7
P31269	Q9P283
P31269	Q16821
P31269	Q9UPQ7
P31269	P29122
P31269	Q9HCL0
P31269	O14917
P31269	Q96QU1
P31269	O14511
P31269	Q9UKX2
P31269	Q16819
P31269	Q9H3W5
P31269	P00451
P31269	Q92817
P31269	Q92796
P31269	P20908
P31269	P54289
P31269	O60312
P31269	Q9H295
P31269	Q92752
P31269	Q9BYE9
P31269	P32249
P31269	P32970
P31269	P19256
P31269	Q14344
P31269	O15075
P31269	Q9C0I4
P31269	Q9UQ26
P31269	Q8N9L1
P31269	Q92585
P31269	Q9HC56
P31269	Q8IUG5
P31269	Q68D86
P31269	Q12860
P31269	Q96MP5
P31269	Q8TF72
P31269	P28566
P31269	Q99578
P31269	Q9UK59
P31269	P11532
P31269	P10243
P31269	P17948
P31269	Q9P2N4
P31269	Q9H310
P31269	Q8NEB9
P31269	P42262
P31269	Q6PL18
P31269	P04229
P31269	Q9UGI6
P31269	Q9Y6Q9
P31269	P32321
P31269	Q5T0B9
P31269	O60610
P31269	O94972
P31269	Q5S007
P31269	Q9H4A3
P31269	Q9BYE2
P31269	Q9UQ52
P31269	O75354
P31269	Q49A26
P31269	A6NEK1
P31269	Q14576
P31269	Q13568
P31269	P20226
P31269	Q15334
P31269	Q9UIF8
P31269	Q04609
P31269	A8MVW5
P31269	A6PVS8
P31269	P47974
P31269	P21453
P31269	O00329
P31269	Q7Z5L9
P31269	Q04206
P31269	P25963
P31269	O75962
P31269	Q15149
P31269	O60494
P31269	O75881
P31269	Q9ULT8
P31269	Q9BXT5
P31269	Q8IVF2
P31269	Q8N7X1
P31269	Q92824
P31269	P12036
P31269	Q9H0U6
P31269	O75592
P31269	Q93008
P31269	O43529
P31269	O94823
P31269	P09086
P31269	Q9ULD9
P31269	P10412
P31269	P16401
P31269	P46736
P31269	Q12933
P31269	B9A064
P31269	Q14320
P31269	P12883
P31269	P62277
P31269	Q8IVL0
P31269	Q05397
P31269	Q3L8U1
P31269	P19022
P31269	P10301
P31269	Q9HCK8
P31269	Q96DT5
P31269	Q8IWZ4
P31269	Q3SY46
P31269	P82921
P31269	Q6QAJ8
P31269	O60315
P31269	Q96P20
P31269	Q86YW9
P31269	O60844
P31269	Q8N9E0
P31269	P52790
P31269	Q96PN7
P31269	P35568
P31269	Q8WXX0
P31269	Q96PZ7
P31269	Q9Y4X5
P31269	P04150
P31269	Q04724
P31269	Q9NQV7
P31269	Q9Y5K5
P31269	Q6UVK1
P31269	Q03167
P31269	Q9NYC9
P31269	O94916
P31269	Q01201
P31269	Q8NDV7
P31269	Q86TW2
P31269	Q4G0P3
P31269	Q3SX64
P31269	P98160
P31269	Q9BXU1
P31269	Q8TE60
P31269	Q8NEK8
P31269	Q9UPN3
P31269	Q8WWZ4
P31269	Q6ZN30
P31269	Q6P1J6
P31269	Q9HCK5
P31269	P82279
P31269	Q99650
P31269	Q6ZT12
P31269	Q4G148
P31269	Q6WRI0
P31269	P01344
P31269	Q15583
P31269	P51812
P31269	Q15382
P31269	P06454
P31269	O00459
P31269	P06401
P31269	Q8N1F7
P31269	Q8N1A0
P31269	Q9UMN6
P31269	P14316
P31269	O15357
P31269	Q6NXT2
P31269	P68104
P31269	P13639
P31269	Q08211
P31269	O00555
P31269	Q9NPI1
P31269	Q14865
P31269	P52736
P31269	P35325
P31269	Q14152
P31269	Q7Z3I7
P31269	Q9P2A4
P31269	Q9UBF1
P31269	Q9UPZ6
P31269	P58397
P31269	P09429
P31269	Q5XUX0
P31269	Q9HD36
P31269	Q14574
P31269	Q9Y6L7
P31269	Q8TD91
P31269	Q16829
P31269	Q86XL3
P31269	P16671
P31269	P54296
P31269	Q15172
P31269	O43741
P31269	Q9Y458
P31269	P13667
P31269	Q9NWZ3
P31269	Q969P5
P31269	Q96KP1
P31269	P51955
P31269	Q9Y5V3
P31269	Q14289
P31269	Q04912
P31269	P00540
P31269	Q9UKA4
P31269	Q6Y7W6
P31269	Q8WY21
P31269	P78357
P31269	Q6ZXV5
P31269	Q8IWA0
P31269	Q8IYI6
P31269	Q9Y592
P31269	Q08AH1
P31269	P04424
P31269	O75340
P31269	P04275
P31269	Q12802
P31269	Q13023
P31269	O15195
P31269	P26368
P31269	Q8N394
P31269	Q6U841
P31269	Q14699
P31269	O43490
P31269	P16471
P31269	Q8WVV4
P31269	Q8IXK0
P31269	Q9BYT8
P31269	Q86TE4
P31269	P54762
P31269	Q9Y4J8
P31269	Q9BXS0
P31269	Q99965
P31269	Q9Y566
P31269	Q7Z570
P31269	Q6SJ93
P31269	Q9UG63
P31269	Q9BXT4
P31269	P35462
P31269	Q86Y56
P31269	Q04759
P31269	Q09327
P31269	Q9NSC2
P31269	Q13003
P31269	Q9Y2E4
P31269	O95954
P31269	P49459
P31269	P43360
P31269	Q86WS3
P31269	P54760
P31269	Q9P2K8
P31269	P41743
P31269	Q8WYP5
P31269	Q9ULD4
P31269	Q9UL01
P31269	Q06278
P31269	P33897
P31269	Q9NS37
P31269	Q9UNE0
P31269	Q9Y613
P31269	O15321
P31269	Q6L9T8
P31269	Q16620
P31269	Q6R327
P31269	Q13546
P31269	Q8TCU3
P31269	P58107
P31269	Q92540
P31269	Q29RF7
P31269	Q9BWV1
P31269	P15514
P31269	Q9BZF9
P31269	Q9BRP1
P31269	Q8IZQ8
P31269	P62805
P31269	Q99595
P31269	Q9ULW0
P31269	Q16650
P31269	Q9UPX8
O43248	A8MXY4
O43248	Q96AP0
O43248	Q9Y6M9
O43248	O75410
O43248	Q8N5V2
O43248	Q8N349
O43248	Q9H4B6
O43248	Q96PQ0
O43248	Q7Z6E9
O43248	Q9NRA2
O43248	Q6ZUJ8
O43248	Q9UKT9
O43248	P48664
O43248	Q9P283
O43248	Q16819
O43248	O94779
O43248	Q9Y6R4
O43248	Q8N9L1
O43248	O94972
O43248	Q9NRH2
O43248	O60673
O43248	P48729
O43248	Q86UR1
O43248	P10301
O43248	Q96DT5
O43248	P48736
O43248	P98160
O43248	Q6P1J6
O43248	Q9H0E9
O43248	Q8N1F7
O43248	P68104
O43248	P51681
O43248	P35414
O43248	Q01484
O43248	Q9Y2L1
O43248	P04424
O43248	Q96S15
O43248	Q12816
O43248	Q8N394
O43248	O43610
O43248	Q8WVV4
O43248	Q7Z570
O43248	Q12888
P31276	Q9H2M3
P17096	Q3T906
P52926	Q9NR99
O15164	Q86YH6
P14373	Q5VTR2
Q9UPN9	Q8N187
Q15643	Q4KMG0
Q16665	P85037
O00291	O14672
O00291	Q15021
P62805	Q86XN7
Q8TBA6	Q92540
P51654	Q14119
Q9NQX3	Q13625
P49915	P58876
Q96RU3	P55895
P98177	P58397
P98177	Q16829
P98177	P16671
P98177	O43741
P98177	Q14289
P98177	Q9BWT7
P98177	Q8TCU4
P98177	Q8N2C7
P98177	Q6ZV29
P98177	Q9H254
P98177	P05155
P98177	Q9BY84
P98177	Q8N8Q9
P98177	O14977
P98177	P19878
P98177	Q9UHD2
P98177	P62807
P98177	Q9P2D7
P98177	Q9UPV9
P98177	O75362
P98177	Q6ZMR5
P98177	Q9Y2E6
P98177	P15514
P98177	Q96CB8
P98177	P62805
P98177	Q92800
Q6PIV2	O43704
Q6PIV2	O60732
Q6PIV2	Q9NQA5
Q92597	B2RU33
P31271	Q9UK58
P17096	O14965
Q01860	P15144
P17096	P17861
Q15643	Q14469
O00291	P54760
O00291	P58876
P62805	P20908
P62805	P51178
Q969G3	Q9UK59
Q969G3	Q16787
Q969G3	Q93008
Q969G3	Q86TW2
Q969G3	P78347
Q969G3	P06454
Q969G3	P19961
Q969G3	Q6ZMR5
Q969G3	Q96K58
Q04864	Q15149
Q04864	P05164
Q6PCD5	Q99578
Q6PCD5	Q4VXU2
Q6PCD5	Q8TEY5
Q6PCD5	Q96CW6
Q6PCD5	P55895
Q6PCD5	Q6UB98
A6NKT7	O15018
Q96E14	A8MXY4
Q63HN8	Q14094
Q63HN8	Q05923
O75943	Q9NXG6
Q12967	P51681
Q12967	Q6ZV29
Q12967	O15090
Q12967	Q92769
P49792	Q04609
P49792	A8MVW5
P14222	Q9BZF9
P14222	Q96E52
Q6NWY9	P42677
Q6NWY9	Q8NGD4
Q6NWY9	Q9BZA7
Q6NWY9	Q7Z4N2
Q6NWY9	Q8WUM0
Q6NWY9	Q9Y5W3
Q6NWY9	Q01968
Q6NWY9	P10244
Q13882	P51884
Q12923	O00329
Q15276	P25963
Q6DJT9	P08F94
P28340	Q8N490
P37231	Q8IVG5
P37231	Q92766
P37231	Q8TDN4
Q86W92	P20333
Q86W92	Q96RW7
Q86W92	P21709
P68402	Q7Z442
P68402	Q8TF39
P23760	Q86Y56
P35658	Q8N8A6
P35658	Q8IWI9
P52948	Q96AA8
P52948	Q8TEK3
Q8TF68	Q9Y4J8
Q8TF68	Q9BZC1
Q8TF68	Q8NHQ8
Q8TF68	P55000
Q8TF68	P19961
Q8TF68	O14977
Q8TF68	Q96JM4
Q8TF68	O60281
Q8TF68	Q8IVV2
Q8TF68	P62807
Q8TF68	P98198
Q8TF68	P48552
Q8TF68	P27987
Q8TF68	Q96ST2
Q8TF68	Q96E52
Q8TF68	P05164
Q8TF68	P15918
Q9NQX6	Q13634
Q9NQX6	Q08AG5
Q9NQX6	Q8TEK3
Q9NQX6	O75122
Q9NQX6	Q9UL16
Q9NQX6	Q13586
Q9NQX6	Q14146
Q9NQX6	Q96NH3
Q9NQX6	P20648
Q9NQX6	O60610
Q9NQX6	Q8IW41
Q9NQX6	Q9BXT5
Q9NQX6	Q9BZA7
Q9NQX6	Q7Z408
Q9NQX6	Q96RW7
Q9NQX6	Q9P0K1
Q9NQX6	P35251
Q9NQX6	Q8WUM0
Q9NQX6	Q9UMN6
Q9NQX6	B0I1T2
Q9NQX6	P62993
Q9NQX6	P18054
Q9NQX6	Q12796
Q9NQX6	Q9Y2L1
Q9NQX6	P12034
Q9NQX6	P31268
Q9NQX6	Q9H095
Q9NQX6	Q9UF33
Q9NQX6	O14646
Q6NZY4	Q9Y625
Q6NZY4	Q9UQ26
Q6NZY4	O94921
Q6NZY4	Q8WXX0
Q6NZY4	Q9UJY1
Q01831	Q9Y5W3
Q01831	Q8NFT8
P23025	P62805
Q9GZV5	Q6ZV29
Q9GZV5	Q4VC44
Q9GZV5	Q7Z6R9
Q9GZV5	Q9P2K8
Q9GZV5	P22735
Q9GZV5	O00750
P12524	Q9Y2J2
P12524	Q13905
P35749	Q14206
P35749	P08F94
P55197	Q96NH3
P55197	Q8TBB5
Q13015	O43451
Q13015	Q8IWV7
P25791	Q08554
P25791	O00410
P25791	Q6IQ21
P08238	O75170
P31269	P21817
P14373	Q9Y235
P14373	Q9UJV9
