id_pmc	sentence location	highlighted phrase	interacting verbs	number of interacting verbs	experimental methods found	number of experimental methods	protein entities found	number of protein entities
6947382	abstract	we also mapped both proximal ( multiple sp1 ) and distal ( hoxa9 ) trans - activating / dispersed cis - acting transcription factor ( tf )  - binding elements on the region we studied and used a transient transfection reporter assay to characterize its regulation by serum and igf - ii using ephb4 promoter deletion constructs with or without the identified new dna - binding elements .	bind|bind	2		0	hoxa9|ephb4|sp1|transcription|factor|tf|igf	7
6947382	body	as a result of the upstream cloning sequencing , two types of ephb4 promoter constructs either containing the dpe or mte cluster were generated , two of which ended at downstream position −1028 and two at position −1509 , these last two containing a previously described hoxa9  - binding region ( see c for the ephb4 promoter constructs described in this study ) .	bind	1		0	ephb4|hoxa9	2
6947382	body	the two novel inr / mte / dpe - like bearing constructs were cloned as described in methods and and summarized in c. as a result , two types of ephb4 promoter constructs were generated either containing the inr / mte / dpe - like core elements or not , two of which ended at downstream position −1028 ( containing multiple sp1 motifs spanning −60 / −528 ) and two at position −1509 ( containing both multiple sp1 and hoxa9 - binding elements ) .	bind	1		0	ephb4|hoxa9|inr|sp1	4
6947382	body	furthermore , our study shows that serum - dependent ephb4 transcriptional regulation is affected by a negative cooperative effect between proximal and distal regulatory elements ; namely , between the upstream proximal promoter region containing multiple sp1 - binding motifs ( −60 / −528 ) and the distant promoter region bearing a hoxa9 - binding motif ( at −1375 ) , respectively .	bind|bind	2		0	ephb4|hoxa9|sp1	3
2768746	body	hoxa9 binds the ephb4 promoter and induces the transcription of the ephb4 mrna directory [ ] .	bind	1		0	hoxa9|ephb4	2
6912833	body	hoxa9 could directly bind to ephb4 promoter and increased the expression of ephb4 , and both of them were increased in preeclamptic placentas [ ] .	bind	1		0	hoxa9|ephb4	2
