id_pmc	sentence location	highlighted phrase	interacting verbs	number of interacting verbs	experimental methods found	number of experimental methods	protein entities found	number of protein entities
4275563	abstract	we determine that tyrosine phosphorylation of hoxa10 impairs transcriptional activation of cdx4 , but tyrosine phosphorylation of hoxa9 facilitates repression of this gene .	impair	1		0	cdx4|hoxa9|hoxa10	3
4275563	body	loss of cdx4 in mice decreases the expression of hoxa9 and hoxa10 and impairs hematopoiesis .	impair	1		0	cdx4|hoxa9	2
4275563	body	also , hoxa9 and hoxa10 interact with different cdx4 cis elements , unlike previously described common target genes .	interact	1		0	hoxa9|cdx4	2
4275563	body	results hoxa9 represses cdx4 transcription the cdx4 promoter includes other hox - binding consensus sequences in addition to the previously identified , hoxa10 - binding cis element at −139 to −150 bp ( relative to the transcription start site ) .	bind|bind	2		0	hoxa9|cdx4|hox|hoxa10	4
4275563	body	this effect of hoxa9 was not observed with the 65 bp cdx4 promoter construct ( p & gt ; 0.5 , n =6 ) , suggesting that hoxa9 influences a cis element between −65 and −100 bp rather than the more distal hoxa10 - binding cis element ( ) .	bind	1		0	hoxa9|cdx4|distal|hoxa10	4
4275563	body	hoxa9 interacts with the cdx4 promoter we investigated hoxa9 binding to the cdx4 promoter by chromatin immunoprecipitation .	interact|bind	2		0	hoxa9|cdx4	2
4275563	body	hoxa9 specifically interacted with the proximal cdx4 cis element with a significant increase in interaction on differentiation ( p & lt ; 0.001 , n =3 ; ) .	interact|interact	2		0	hoxa9|cdx4	2
4275563	body	we found specific binding of endogenous hoxa9 to the proximal , but not the distal , cdx4 cis element that was significantly greater in g - csf differentiated cells in comparison with myeloid progenitor cells ( p & lt ; 0.0001 , n =3 ; ) .	bind	1		0	hoxa9|cdx4|endogenous|csf	4
4275563	body	to investigate the influence of tyrosine phosphorylation on binding of endogenous hoxa9 and hoxa10 to the cdx4 promoter , bone marrow mononuclear cells were transduced with a retroviral vector to express constitutively active shp2 ( e76k ) or control vector ( mscv ) .	bind	1		0	hoxa9|cdx4|endogenous|shp2|e76k|mscv	6
4275563	body	we found significantly less binding of hoxa9 to the cdx4 promoter in g - csf - differentiated cells that were transduced with e76k - shp2 vector versus mscv control vector ( p & lt ; 0.001 , n =3 ; ) .	bind	1		0	hoxa9|cdx4|csf|e76k|shp2	5
4275563	body	we also investigated hoxa9 interaction with the cdx4 promoter by electrophoretic mobility shift assays using oligonucleotide probes representing the proximal ( −65 to −100 bp ) or distal ( −100 to −150 bp ) cis elements and u937 nuclear proteins .	interact	1		0	hoxa9|cdx4|u937|nuclear|proteins	5
4275563	body	this results in the sustained activation of cdx4 transcription by nonphosphorylated hoxa10 and impaired cdx4 repression by nonphosphorylated hoxa9 in cells with dysregulated shp2 activity .	impair	1		0	cdx4|hoxa9|nonphosphorylated|shp2	4
4275563	body	we found that this balance was shifted and cdx4 expression was sustained by maneuvers that impair cytokine - induced phosphorylation of hoxa9 and hoxa10 , including constitutive activation of shp2 .	impair	1		0	cdx4|hoxa9|cytokine|shp2	4
4275563	body	in contrast , cdx4 represents the first target gene regulated by the interaction of hoxa9 and hoxa10 with different cis elements .	interact	1		0	cdx4|hoxa9	2
4275563	body	in all three genes with antagonistic regulation by hoxa9 and hoxa10 ( cybb , ncf2 , cdx4 ) , phosphorylation of conserved tyrosine residues in the dna - binding hd decreases the binding of hoxa10 , but increases hoxa9 binding .	bind|bind|bind	3		0	hoxa9|cdx4|cybb|ncf2	4
4275563	body	for pcr for chromatin immunoprecipitation ( 5′–3′ ) : cdx4 ( hoxa10 - binding site ) ( f - tatgtaaaagcctgaagcccctt , r - aagctcttttgcacccctc ) , cdx4 ( hoxa9 - binding site ) ( f - tgcaaaagagcttgcggcacaactac , r - taagccatcctgaagtccctgtaa ) .	bind|bind	2		0	cdx4|hoxa9|r|taagccatcctgaagtccctgtaa	4
1762371	abstract	we further demonstrate that both cdx4 and menin bind to the same regulatory region at the hoxa9 locus in vivo , and co - activate the reporter gene driven by the hoxa9 cis  - elements that contain cdx4 binding sites .	bind|bind	2		0	cdx4|hoxa9	2
1762371	body	although both menin and cdx4 have been shown to participate in regulating hoxa9 gene transcription and hematopoiesis , little is known as to whether or how cdx4 interacts with the hoxa9 locus to regulate its expression , and whether menin and cdx4 crosstalk to regulate expression of hoxa cluster genes .	interact	1		0	cdx4|hoxa9	2
1762371	body	cdx4 protein specifically binds to two sites in the hoxa9 regulatory region in vitro to determine whether cdx4 directly interacts with hoxa9 regulatory elements , we performed sequence homolog search for the consensus binding sites ( tttata / g ) for cdx4 .	bind|interact|bind	3		0	cdx4|hoxa9|protein	3
1762371	body	thus , cdx4 binding to the chromatin target depends on accessibility of the targets , and menin facilitates association of cdx4 with the hoxa9 locus .	bind	1		0	cdx4|hoxa9	2
1762371	body	thus , our results reveal two distinct yet related mechanisms in regulating hoxa9 expression in hematopoietic cells : cdx4 binding to the cbss and menin - dependent multiple h3k4 methylations at the hoxa9 locus .	bind	1		0	hoxa9|cdx4	2
1762371	body	cdx4 binds the hoxa9 locus and is required for hoxa 9 expression in normal hematopoietic cells cdx4 is required for normal hematopoiesis , stem cell function , and hoxa9 expression in both mice and zebrafish , .	bind	1		0	cdx4|hoxa9|hoxa|9	4
1762371	body	we have now shown that cdx4 directly binds to the cbss in the 5′ portion of the hoxa9 locus , both in vitro and in vivo .	bind	1		0	cdx4|hoxa9	2
1762371	body	together , these results indicate that cdx4 can directly bind the hoxa9 locus to promote transcription of hoxa9 , uncovering a direct link between cdx4 and expression of hox genes .	bind	1		0	cdx4|hoxa9	2
1762371	body	although cdx4 possesses intrinsic ability to bind the cbss , cdx4 itself is not sufficient to initiate hoxa9 expression in the embryonic stem cells ( data not shown ) .	bind	1		0	cdx4|hoxa9	2
1762371	body	taken together , our studies suggest a coordinated role for cdx4 and the menin - mll complex in modulating hoxa9 expression during mll - associated myeloid transformations , while cdx4 is no longer required in full - blown leukemia cells such as ar1 cells .	complex	1		0	cdx4|hoxa9|menin|-|mll|complex	6
5342381	body	therefore , mll - ell increases expression of hoxa9 and hoxa10 directly , by interaction with their promoters , and indirectly via fgf2 , βcatenin and cdx4 .	interact	1		0	hoxa9|cdx4|mll|ell|fgf2|βcatenin	6
