id_pmc	sentence location	highlighted phrase	interacting verbs	number of interacting verbs	experimental methods found	number of experimental methods	protein entities found	number of protein entities
4184711	abstract	we identified the ligand / chemokine receptor pairs ccl2 / ccr4 , cx3cl1 / cx3cr1 , and xcl1 / xcr1 as potentially responsible for adsc homing toward the mpg following cn injury .	ligand	1		0	ccr4|cx3cr1|ccl2|cx3cl1|xcl1|xcr1	6
4184711	body	chemokines that were found to be upregulated in the mpg following injury were acquired in human recombinant form and applied for further functional testing of adsc : ccl28 ( binds to ccr10 ) , ccl19 ( ccr7 , included as additional negative control based on qpcr and facs ) , ccl2 ( ccr4 ) , cxcl12 ( cxcr4 ) , cx3cl1 ( cx3cr1 ) , and xcl1 ( xcr1 ) ( r & amp ; d systems ) .	bind	1		0	ccr4|cx3cr1|chemokines|human|recombinant|form|ccl28|ccr10|ccl19|ccr7|facs|ccl2|cxcl12|cxcr4|cx3cl1|xcl1|xcr1	17
4184711	body	conclusions we identified the ligand / chemokine receptor pairs ccl2 / ccr4 , cx3cl1 / cx3cr1 , and xcl1 / xcr1 as potentially responsible for adsc homing toward the mpg following cn injury .	ligand	1		0	ccr4|cx3cr1|ccl2|cx3cl1|xcl1|xcr1	6
5483895	body	3.2.4 intracellular region the recent ccr2 and ccr9 crystal structures , as well as chimerastudies , cysteine accessibility scanning , site - directed mutagenesis , and radioligand displacement studies have indicated that several small - moleculeligands bind an intracellular pocket of chemokine receptors , includingcxcr2 ( ligands 61 – 64 , ) , ccr2 ( ligand 29 , b , ) , ccr4 , ccr5 , ccr9 ( ligand 30 , c , ) , and cx3cr1 ( and ) .	bind|ligand|ligand|ligand	4		0	ccr4|cx3cr1|ccr2|ccr9|chemokine|receptors|includingcxcr2|ligand|29|ccr5|30	11
5483895	body	the diversity of different possible binding sites pose a challengesto the prediction of structural chemokine receptor–ligand interactions.intracellular ligands , including allosteric antagonists of cxcr2 ( 61 – 64 , ) , ccr2 ( 29 , , ) , ccr4 , ccr5 , ccr9 ( 30 , , ) , and cx3cr1 combine electronegativeh - bond acceptor moieties ( to interact with the amide backbone of residuepositions 8.48 , 8.49 , and 8.50 ) positioned between at least two mediumsized aromatic / hydrophobic ring systems ( that target different hydrophobicsubpockets ) , and can therefore be distinguished from cationic ligandsthat target the orthosteric binding site of chemokine receptors .	bind|ligand|interact|bind	4		0	ccr4|cx3cr1|structural|chemokine|receptor–ligand|interactions.intracellular|ligands|cxcr2|ccr2|ccr5|ccr9|receptors	12
