id_pmc	sentence location	highlighted phrase	interacting verbs	number of interacting verbs	experimental methods found	number of experimental methods	protein entities found	number of protein entities
5007331	abstract	we further show that ythdf2 recruits the ccr4–not complex through a direct interaction between the ythdf2 n - terminal region and the sh domain of the cnot1 subunit , and that this recruitment is essential for the deadenylation of m a - containing rnas by caf1 and ccr4 .	recruit|complex|interact|subunit|recruit	5		0	ythdf2|ccr4–not|ccr4|complex|sh|domain|cnot1|subunit|m|a|caf1	11
5007331	body	overexpressed cnot1 - sh will compete with endogenous cnot1 for binding to ythdf2 , but is incapable of recruiting the catalytically active subunits caf1 and ccr4 ( and ) .	bind|recruit|subunit	3		0	ythdf2|ccr4|cnot1|catalytically|active|subunits|caf1	7
7969013	body	ythdf1 and ythdf3 binding to m a motif enhances mrna translation ( , ) , while ythdf2 recognizes m a motif to facilitate the degradation of m a - modified transcripts by recruiting the ccr4 - not deadenylase ( , ) .	bind|recruit	2		0	ythdf2|ccr4|ythdf1|ythdf3|m|a|not|deadenylase	8
7969013	body	to validate the hypothesis , an 84 - nt fragment from son mrna containing three gac motifs , which are easily methylated and recognized by ythdf2 to mediate degradation by the ccr4 - not deadenylase complex ( , ) , was inserted into the vector pegfp - c3 to generate the construct pegfp - c3 - gfp - son ( ) .	complex	1		0	ythdf2|ccr4|not|deadenylase|complex|c3|gfp	7
7599101	body	specifically , the c - terminal domain of ythdf2 selectively binds to m a - modification sites whereas the n - terminal domain mediates the localization of the ythdf2 - mrna complex to cellular rna decay sites by recruiting the ccr4 - not complex [ , ] .	bind|complex|recruit|complex	4		0	ythdf2|ccr4|c|-|terminal|domain|m|a|n|mrna|complex|not	12
7438091	body	ythdf2 mediates two degradation pathways of mrnas with m a modifications : ( i ) deadenylation via the ythdf2 - ccr4 / not complex ( ) and ( ii ) endoribonucleolytic cleavage by the ythdf2–hrsp12–ribonuclease p / mitochondrial rna–processing complex ( , ) .	complex|complex	2		0	ythdf2|ccr4|ythdf2–hrsp12–ribonuclease|not|complex|mitochondrial|rna–processing	7
5790497	body	in addition , ythdf2 can destabilize m6a modified rnas through direct recruitment of the ccr4 - not deadenylase complex [ ] .	recruit|complex	2		0	ythdf2|ccr4|not|deadenylase|complex	5
7046284	body	moreover , ythdf2 can also recruit ccr4 - not ( c - c motif chemokine receptor 4—negative on tata - less ) deadenylase complex by directly interacting with the sh - domain of cnot1 ( ccr4 - not transcription complex subunit 1 ) , the scaffolding subunit of the complex , to initiate deadenylation and decay of m a - containing mrnas [ ] .	recruit|complex|interact|complex|subunit|subunit|complex	7		0	ythdf2|ccr4|sh|-|domain|cnot1|scaffolding|subunit|m|a	10
7046284	body	interestingly , ccr4 - not complex was found to be responsible for deadenylation and ythdf2 can interact and thus destabilizes mrna by accelerating deadenylation [ ] .	complex|interact	2		0	ccr4|ythdf2|not|complex	4
27558897	abstract	we further show that ythdf2 recruits the ccr4 - not complex through a direct interaction between the ythdf2 n - terminal region and the sh domain of the cnot1 subunit , and that this recruitment is essential for the deadenylation of m ( 6 ) a - containing rnas by caf1 and ccr4 .	recruit|complex|interact|subunit|recruit	5		0	ythdf2|ccr4|not|complex|sh|domain|cnot1|subunit|m|(|6|)|a|caf1	14
