id_pmc	sentence location	highlighted phrase	interacting verbs	number of interacting verbs	experimental methods found	number of experimental methods	protein entities found	number of protein entities
5836135	abstract	the network contains the apparently functionally important lrig1 - interacting proteins rab4a , pon2 , gal3st1 , zbtb16 , lrig2 , cnpy3 , hla - dra , gml , cnpy4 , lrrc40 , and lrig3 , together with glrx3 , ptprk , and other proteins .	interact	1		0	gal3st1|lrig3|lrig1|rab4a|pon2|zbtb16|lrig2|cnpy3|hla|gml|cnpy4|lrrc40|glrx3|ptprk	14
5836135	body	in addition to lrig1 , lrig2 , and lrig3 , this cluster , or subnetwork , comprises the lrig1 interactors gal3st1 , ptprk , and pon2 as well as a large group of proteins that interacted with both ptprk and pon2 but did not directly interact with lrig1 .	interact|interact|interact	3		0	lrig3|gal3st1|lrig1|lrig2|ptprk|pon2	6
5836135	body	gal3st1 appeared to support the function of lrig1 and interacted both with lrig1 and lrig3 .	interact	1		0	gal3st1|lrig3|lrig1	3
29317492	abstract	the network contains the apparently functionally important lrig1 - interacting proteins rab4a , pon2 , gal3st1 , zbtb16 , lrig2 , cnpy3 , hla - dra , gml , cnpy4 , lrrc40 , and lrig3 , together with glrx3 , ptprk , and other proteins .	interact	1		0	gal3st1|lrig3|lrig1|rab4a|pon2|zbtb16|lrig2|cnpy3|hla|gml|cnpy4|lrrc40|glrx3|ptprk	14
