id_pmc	sentence location	highlighted phrase	interacting verbs	number of interacting verbs	experimental methods found	number of experimental methods	protein entities found	number of protein entities
6912505	abstract	hoxa9 transcriptionally regulates rela , the p65 subunit of nf - κb .	subunit	1		0	hoxa9|rela|p65|subunit|nf|-|κb	7
6912505	body	in this study , we found rela ( p65 subunit of nf - κb ) is transcriptionally repressed by hoxa9 .	subunit	1		0	rela|hoxa9|p65|subunit|nf|-|κb	7
6912505	body	hoxa9 negatively regulated the expression of rela , bcl - xl , ulk1 , atg3 , and atg12 to further validate the pro - apoptotic and anti - autophagic functions of hoxa9 , rela ( encoding p65 subunit of nf - κb ) , bcl - xl , ulk1 , atg3 , and atg12 were selected from the significantly varied genes owing to their critical roles in apoptosis and autophagy .	subunit	1		0	hoxa9|rela|bcl|-|xl|ulk1|atg3|atg12|p65|subunit|nf|κb	12
6912505	body	to explore how hoxa9 regulates the above apoptosis -  and autophagy - related genes , the predicted promoter regions ( +1000 bp to −1000 bp relative to the transcription start site [ tss ] ) of rela , bcl - xl , ulk1 , atg3 , and atg12 were analyzed according to a minimum consensus binding site ( ataa ) via the ucsc genome browser ( http :  /  / genome.ucsc.edu /  ) [ ] and rvista ( https :  /  / rvista.dcode.org /  ) [ ] .	bind	1		0	hoxa9|related|relative|rela|bcl|-|xl|ulk1|atg3|atg12	10
6912505	body	interestingly , hoxa9 binding site was only predicted to be present on the promoter of rela , but not on bcl - xl , ulk1 , atg3 , and atg12 loci ( e ) .	bind	1		0	hoxa9|rela|bcl|-|xl|ulk1|atg3	7
6912505	body	based on the above predictions , chromatin immunoprecipitation ( chip )  - qpcr detection was performed and confirmed that depletion of hoxa9 by rna interference led to marked decrease in the binding enrichment of hoxa9 at the binding sites of rela locus ( f ) while the binding enrichments of rela on bcl - xl , ulk1 , atg3 , and atg12 loci are significantly enhanced ( f ) , which is consistent the upregulated expression of rela , bcl - xl , ulk1 , atg3 , and atg12 after hoxa9 knockdown ( a , b ) .	bind|bind|bind	3		0	hoxa9|rela|bcl|-|xl|ulk1|atg3|atg12	8
6912505	body	our work provides evidences to demonstrate the direct binding of hoxa9 on rela promoter and deepen the understanding of hoxa - rela regulator axis , which highlights the tumor - suppressive role of hoxa9 in cscc .	bind	1		0	hoxa9|rela|hoxa	3
