id_pmc	sentence location	highlighted phrase	interacting verbs	number of interacting verbs	experimental methods found	number of experimental methods	protein entities found	number of protein entities
5074252	body	—dotted gray line ) , such as mirnas mir‐103 interacting with il12a and mir‐223 interacting with il2 , tnfa and il1b .	interact|interact	2		0	il2|il1b|il12a|tnfa	4
5074252	body	discussion to the best of our knowledge , ours is the first study to investigate the effect of eradication treatment of h. pylori on mrna and protein expression levels of inflammatory mediators ( tnfa , il6 , il1b , il12a , il2 and tgfbrii ) as well as the interaction with mirnas involved in regulation of inflammation and tumorigenesis processes , such as mir‐103 , mir‐181c , mir‐370 , mir‐375 and mir‐223 in patients with chronic gastritis and infected by h. pylori .	interact	1		0	il1b|il2|inflammatory|mediators|tnfa|il6|il12a|tgfbrii	8
3197692	body	there are then a number of possible pathways in which il1b , il2 and il12b may interact in vivo , giving rise to the observed associations .	interact	1		0	il1b|il2|il12b	3
3197692	body	the complex nature of the often antagonistic genetic associations observed for il1b , il2 and il12b may therefore represent a balance between normal physiological functioning and an ability to deal effectively with an unpredictable and dynamic range of co - infecting pathogens .	complex	1		0	il1b|il2|il12b	3
6562936	body	in this study , il1a , il1b , il2 , il4 , il6 , il8 , il10 , il12a , il12b , il16 , lta , and tgfb1 [ ] were considered to be the cytokines likely produced and to interact with bovine b cells ( ) .	interact	1		0	il1b|il2|il1a|il4|il6|il8|il10|il12a|il12b|il16|lta|tgfb1|cytokines	13
