id_pmc	sentence location	highlighted phrase	interacting verbs	number of interacting verbs	experimental methods found	number of experimental methods	protein entities found	number of protein entities
7916008	abstract	besides , we investigated possible proteins and microrna , smad2 , smad5 , and mir - 214 , which interact with zeb2 via in situ analysis .	interact	1		0	smad2|zeb2|smad5|mir	4
7916008	body	zeb2 is involved in the tgf - β signaling pathway through the smad - dependent manner the ppi network analysis of zeb2 with degs involved in the tgf - β signaling pathway demonstrated that the product of this gene has a close interaction with smad2 and smad5 with confidence score = 0.748 and = 0.751 , respectively .	interact	1		0	zeb2|smad2|tgf|smad|degs|smad5	6
7916008	body	regarding the importance of mir - 214 - 3p in cancer progression and its great interactions numbers with tgf - β compartments , especially with smad2 and smad5 ( 55 interactions ) , this mirna was predicted to be involved in the ppi network of tgf - β signaling pathway and zeb2 , and it was hypothesized that mir - 214 - 3p / zeb2 / smad - dependent tgf - β axis has a vital role in glioblastoma induction or progression ( ) .	interact|interact	2		0	smad2|zeb2|tgf|smad5|ppi|network|mir|smad	8
7916008	body	zeb2 knock - down reduced the expression of smad2 and smad5 and increased the expression of mir - 214 - 3p according to previous literature and our bioinformatics results , zeb2 or smad interacting protein 1 ( sip1 ) interacts with smad proteins .	interact|interact	2		0	zeb2|smad2|smad5|mir|smad|interacting|protein|1|sip1|proteins	10
7916008	body	in this study , we have found through in silico analysis that the tgfβ signaling pathway is the most dysregulated pathway in glioblastoma , and zeb2 is involved in this pathway mostly through interactions with smad2 and smad5 .	interact	1		0	zeb2|smad2|tgfβ|smad5	4
7916008	body	we have found mir - 214 has the most interaction with smad2 and smad5 , and in this way , it has the most effect on zeb2 and tgfβ signaling pathway .	interact	1		0	smad2|zeb2|smad5|tgfβ	4
8304685	body	the zeb2 promoter - proximal region binds various tfs ( e.g. , smad2 , ets1 , hif1α , pou / oct and nf - κb , e2f1 , foxq1 and foxa2 , fra - 1 / ap - 1 ; [ , , , , , ] .	bind	1		0	zeb2|smad2|tfs|ets1|hif1α|pou|oct|nf|-|κb|e2f1|fra|1|ap	14
7465899	body	more specifically , zeb2 was shown to interact with smad1 , smad2 and smad5 [ ] .	interact	1		0	zeb2|smad2|smad1|smad5	4
7465899	body	zeb1 can also interact to smad1 and smad2 in hek293t cells , although less efficient than zeb2 [ ] .	interact	1		0	smad2|zeb2|zeb1|smad1	4
5833424	abstract	mechanistically , we observed that pim1 could interact with smad2 or smad3 in the nucleus and subsequently phosphorylate smad2 and smad3 to induce the expression of transcription factors , including zeb1 , zeb2 , snail1 , snail2 and twist , to promote epithelial - mesenchymal transition ( emt ) .	interact	1		0	smad2|zeb2|pim1|smad3|transcription|factors|zeb1|snail1|snail2	9
5833424	body	we further showed that pim1 could interact with and phosphorylate smad2 or smad3 in the nucleus to induce transcription factor ( zeb1 , zeb2 , snail1 , snail2 and twist ) expression and emt .	interact	1		0	smad2|zeb2|pim1|phosphorylate|smad3|transcription|factor|zeb1|snail1|snail2|emt	11
5579340	body	3.4 tgf‐β affects the production of cytokines and chemokines that are regulated by zeb1 zeb1 functions as a transcriptional activator by binding to smad1 , smad2 , and smad3 and supports their transcriptional activities ( postigo , ; postigo et al . , ) , while zeb2 inhibits tgf‐β signaling ( verschueren et al . , ) .	bind	1		0	smad2|zeb2|tgf‐β|cytokines|chemokines|zeb1|transcriptional|activator|smad1|smad3	10
