id_pmc	sentence location	highlighted phrase	interacting verbs	number of interacting verbs	experimental methods found	number of experimental methods	protein entities found	number of protein entities
6703922	body	btla can negatively regulate both t cell receptor ( tcr ) and b cell receptor ( bcr ) signaling in vitro ( , ) and can be recruited to the immune cell interface ( ) .	recruit	1		0	btla|bcr|t|cell|receptor|tcr|b	7
6703922	body	in vitro studies have shown that btla in b cells can inhibit bcr signaling , and it has been suggested that hvem - btla can interact in cis within the same cell ( , ) , and a role for such cis interactions has been invoked to explain findings in a mouse fl model ( , , ) .	interact|interact	2		0	btla|bcr|hvem	3
8043046	body	engagement of btla recruits shp - 1 , leading to reduced activation of bcr downstream signaling molecules ( ) .	recruit	1		0	btla|bcr|shp|-|1|downstream|signaling|molecules	8
6449624	body	btla attenuates the bcr signaling strength by recruiting and phosphorylating the protein tyrosine kinase syk and downregulating b - cell linker protein , phospholipase e2 , and nf - κb ( ) .	recruit	1		0	btla|bcr|protein|tyrosine|kinase|syk|phospholipase|e2|nf|-|κb	11
8100666	body	inhibition of syk reduces differentiation of b cells in vitro btla is constitutively associated with the bcr and recruits the phosphatase shp - 1 to the bcr complex upon activation which dephosphorylates syk and thus counter regulates activation ( , ) .	recruit|complex	2		0	btla|bcr|syk|phosphatase|complex	5
7407019	body	it has been reported that an impairment of btla expression in normal and lymphoma b cells may lead to cell - autonomous bcr activation and induce b cell growth , as a loss of btla dampers the threshold for cell activation [ ] .	impair	1		0	btla|bcr	2
